invoice_id,customer_id,invoice_date,due_date,amount,actual_payment_date,payment_delay_days
AR0001,C042,2025-08-23,2025-09-22,94905,2025-10-04,12
AR0002,C009,2025-05-07,2025-06-06,410588,2025-07-06,30
AR0003,C035,2025-05-15,2025-06-14,411650,2025-06-28,14
AR0004,C038,2025-07-24,2025-08-23,209790,2025-08-22,-1
AR0005,C009,2025-09-18,2025-10-18,320555,2025-10-18,0
AR0006,C049,2025-01-25,2025-02-24,471465,2025-02-26,2
AR0007,C010,2025-11-18,2025-12-18,135038,2025-12-19,1
AR0008,C039,2025-02-02,2025-03-04,221728,2025-03-23,19
AR0009,C039,2025-08-28,2025-09-27,297408,2025-10-08,11
AR0010,C036,2025-01-06,2025-02-05,376664,2025-02-03,-2
AR0011,C044,2025-10-02,2025-11-01,537778,2025-11-01,0
AR0012,C050,2025-11-25,2025-12-25,257853,2025-12-23,-2
AR0013,C019,2025-08-11,2025-09-10,102920,2025-10-04,24
AR0014,C001,2025-05-15,2025-06-14,282451,2025-06-13,-1
AR0015,C033,2025-02-24,2025-03-26,476402,2025-04-07,12
AR0016,C041,2025-09-17,2025-10-17,390166,2025-10-28,11
AR0017,C010,2025-07-11,2025-08-10,419775,2025-08-09,-1
AR0018,C035,2025-09-29,2025-10-29,23343,2025-11-11,13
AR0019,C032,2025-01-10,2025-02-09,78650,2025-02-09,0
AR0020,C020,2025-05-03,2025-06-02,50369,2025-06-13,11
AR0021,C037,2025-02-10,2025-03-12,64907,2025-04-07,26
AR0022,C005,2025-09-30,2025-10-30,484744,2025-11-02,3
AR0023,C009,2025-12-04,2026-01-03,349939,2026-02-02,30
AR0024,C011,2025-05-16,2025-06-15,296653,2025-06-17,2
AR0025,C028,2025-04-19,2025-05-19,302746,2025-05-30,11
AR0026,C046,2025-06-09,2025-07-09,263563,2025-07-13,4
AR0027,C029,2025-09-22,2025-10-22,295214,2025-10-20,-2
AR0028,C016,2025-04-26,2025-05-26,53568,2025-05-30,4
AR0029,C002,2025-10-29,2025-11-28,403538,2025-11-27,-1
AR0030,C038,2025-04-23,2025-05-23,23770,2025-05-21,-2
AR0031,C046,2025-11-20,2025-12-20,66125,2025-12-23,3
AR0032,C005,2025-01-17,2025-02-16,470696,2025-02-20,4
AR0033,C005,2025-09-21,2025-10-21,166499,2025-10-25,4
AR0034,C043,2025-09-06,2025-10-06,152169,2025-10-09,3
AR0035,C047,2025-10-20,2025-11-19,418730,2025-12-04,15
AR0036,C016,2025-08-31,2025-09-30,443360,2025-10-05,5
AR0037,C013,2025-02-18,2025-03-20,70819,2025-03-25,5
AR0038,C023,2025-08-05,2025-09-04,235535,2025-09-28,24
AR0039,C047,2025-01-28,2025-02-27,373036,2025-03-08,9
AR0040,C004,2025-07-26,2025-08-25,401793,2025-08-29,4
AR0041,C007,2025-05-08,2025-06-07,120448,2025-06-06,-1
AR0042,C035,2025-08-18,2025-09-17,93495,2025-10-01,14
AR0043,C012,2025-05-23,2025-06-22,262550,2025-06-21,-1
AR0044,C005,2025-08-15,2025-09-14,443636,2025-09-16,2
AR0045,C004,2025-11-30,2025-12-30,394449,2026-01-01,2
AR0046,C006,2025-05-02,2025-06-01,107194,2025-06-06,5
AR0047,C032,2025-09-04,2025-10-04,151874,2025-10-05,1
AR0048,C004,2025-03-26,2025-04-25,251494,2025-04-27,2
AR0049,C025,2025-05-16,2025-06-15,431078,2025-06-30,15
AR0050,C019,2025-08-05,2025-09-04,385214,2025-10-04,30
AR0051,C043,2025-09-07,2025-10-07,116331,2025-10-10,3
AR0052,C019,2025-04-22,2025-05-22,50662,2025-06-20,29
AR0053,C004,2025-06-10,2025-07-10,57466,2025-07-12,2
AR0054,C038,2025-09-02,2025-10-02,326183,2025-10-04,2
AR0055,C011,2025-01-30,2025-03-01,286248,2025-02-27,-2
AR0056,C012,2025-02-05,2025-03-07,331969,2025-03-05,-2
AR0057,C044,2025-05-01,2025-05-31,231694,2025-05-29,-2
AR0058,C037,2025-05-07,2025-06-06,323520,2025-06-03,-3
AR0059,C040,2025-02-11,2025-03-13,239794,2025-03-15,2
AR0060,C037,2025-09-25,2025-10-25,213748,2025-11-05,11
AR0061,C014,2025-12-09,2026-01-08,514137,2026-01-12,4
AR0062,C016,2025-05-16,2025-06-15,227505,2025-06-18,3
AR0063,C043,2025-11-27,2025-12-27,230469,2026-01-01,5
AR0064,C021,2025-02-07,2025-03-09,24883,2025-03-10,1
AR0065,C040,2025-10-16,2025-11-15,94143,2025-11-13,-2
AR0066,C035,2025-04-20,2025-05-20,285229,2025-06-01,12
AR0067,C009,2025-06-28,2025-07-28,554099,2025-07-27,-1
AR0068,C016,2025-07-09,2025-08-08,169415,2025-08-11,3
AR0069,C029,2025-10-06,2025-11-05,505514,2025-11-05,0
AR0070,C040,2025-12-01,2025-12-31,386512,2025-12-29,-2
AR0071,C043,2025-10-11,2025-11-10,230048,2025-11-12,2
AR0072,C009,2025-05-16,2025-06-15,80517,2025-06-16,1
AR0073,C048,2025-10-11,2025-11-10,131948,2025-11-10,0
AR0074,C019,2025-11-06,2025-12-06,169559,2025-12-22,16
AR0075,C014,2025-12-18,2026-01-17,458279,2026-01-21,4
AR0076,C033,2025-09-08,2025-10-08,174407,2025-10-16,8
AR0077,C006,2025-11-21,2025-12-21,314697,2025-12-25,4
AR0078,C003,2025-01-02,2025-02-01,194879,2025-02-11,10
AR0079,C041,2025-05-15,2025-06-14,104715,2025-06-29,15
AR0080,C036,2025-12-28,2026-01-27,317500,2026-01-29,2
AR0081,C001,2025-02-27,2025-03-29,59449,2025-03-28,-1
AR0082,C035,2025-01-19,2025-02-18,457568,2025-03-03,13
AR0083,C038,2025-10-10,2025-11-09,126935,2025-11-10,1
AR0084,C009,2025-01-22,2025-02-21,181616,2025-03-11,18
AR0085,C003,2025-07-03,2025-08-02,130140,2025-08-13,11
AR0086,C043,2025-02-22,2025-03-24,205429,2025-03-29,5
AR0087,C040,2025-03-21,2025-04-20,165735,2025-04-19,-1
AR0088,C012,2025-07-31,2025-08-30,32995,2025-08-29,-1
AR0089,C048,2025-06-20,2025-07-20,494724,2025-07-21,1
AR0090,C043,2025-05-08,2025-06-07,159883,2025-06-10,3
AR0091,C045,2025-02-25,2025-03-27,220562,2025-03-25,-2
AR0092,C031,2025-04-24,2025-05-24,124633,2025-06-17,24
AR0093,C023,2025-06-06,2025-07-06,517726,2025-07-15,9
AR0094,C015,2025-01-13,2025-02-12,366047,2025-02-11,-1
AR0095,C026,2025-06-18,2025-07-18,190978,2025-07-20,2
AR0096,C050,2025-05-23,2025-06-22,204101,2025-06-24,2
AR0097,C026,2025-12-14,2026-01-13,601017,2026-01-17,4
AR0098,C002,2025-03-01,2025-03-31,551793,2025-03-31,0
AR0099,C012,2025-10-25,2025-11-24,206934,2025-11-22,-2
AR0100,C007,2025-11-02,2025-12-02,322186,2025-12-02,0
AR0101,C047,2025-06-10,2025-07-10,286115,2025-07-19,9
AR0102,C025,2025-10-23,2025-11-22,155552,2025-12-04,12
AR0103,C003,2025-12-29,2026-01-28,323204,2026-02-05,8
AR0104,C034,2025-10-03,2025-11-02,494143,2025-11-13,11
AR0105,C024,2025-08-09,2025-09-08,56686,2025-09-21,13
AR0106,C040,2025-06-10,2025-07-10,422976,2025-07-08,-2
AR0107,C047,2025-06-03,2025-07-03,328759,2025-07-15,12
AR0108,C043,2025-07-29,2025-08-28,191013,2025-09-02,5
AR0109,C045,2025-06-01,2025-07-01,357271,2025-06-30,-1
AR0110,C013,2025-08-04,2025-09-03,368614,2025-09-08,5
AR0111,C044,2025-03-31,2025-04-30,394113,2025-05-02,2
AR0112,C020,2025-07-27,2025-08-26,307276,2025-09-03,8
AR0113,C020,2025-05-27,2025-06-26,130196,2025-07-10,14
AR0114,C038,2025-11-07,2025-12-07,472230,2025-12-07,0
AR0115,C030,2025-08-15,2025-09-14,251819,2025-09-13,-1
AR0116,C033,2025-08-31,2025-09-30,436145,2025-10-10,10
AR0117,C043,2025-02-13,2025-03-15,168785,2025-03-19,4
AR0118,C006,2025-05-01,2025-05-31,372738,2025-06-04,4
AR0119,C015,2025-04-12,2025-05-12,97255,2025-05-10,-2
AR0120,C003,2025-05-06,2025-06-05,269108,2025-06-14,9
AR0121,C030,2025-08-01,2025-08-31,484590,2025-09-02,2
AR0122,C013,2025-12-23,2026-01-22,287709,2026-01-27,5
AR0123,C026,2025-05-05,2025-06-04,97369,2025-06-06,2
AR0124,C049,2025-02-24,2025-03-26,428116,2025-03-31,5
AR0125,C015,2025-04-01,2025-05-01,441585,2025-05-03,2
AR0126,C030,2025-01-26,2025-02-25,312241,2025-02-24,-1
AR0127,C008,2025-08-22,2025-09-21,89908,2025-09-22,1
AR0128,C043,2025-09-29,2025-10-29,359992,2025-11-02,4
AR0129,C049,2025-08-15,2025-09-14,341206,2025-09-19,5
AR0130,C036,2025-08-17,2025-09-16,490395,2025-09-15,-1
AR0131,C048,2025-09-01,2025-10-01,294360,2025-10-01,0
AR0132,C049,2025-05-07,2025-06-06,460330,2025-06-10,4
AR0133,C050,2025-09-24,2025-10-24,315178,2025-10-23,-1
AR0134,C018,2025-08-14,2025-09-13,60623,2025-09-17,4
AR0135,C016,2025-05-20,2025-06-19,196080,2025-06-23,4
AR0136,C035,2025-02-11,2025-03-13,92547,2025-03-23,10
AR0137,C015,2025-07-16,2025-08-15,383829,2025-08-14,-1
AR0138,C046,2025-04-20,2025-05-20,53674,2025-05-25,5
AR0139,C027,2025-06-19,2025-07-19,350156,2025-07-24,5
AR0140,C027,2025-02-01,2025-03-03,128440,2025-03-08,5
AR0141,C025,2025-10-27,2025-11-26,500050,2025-12-04,8
AR0142,C049,2025-10-22,2025-11-21,285257,2025-11-26,5
AR0143,C001,2025-06-30,2025-07-30,203042,2025-07-31,1
AR0144,C027,2025-10-03,2025-11-02,535486,2025-11-05,3
AR0145,C032,2025-04-23,2025-05-23,163096,2025-05-24,1
AR0146,C032,2025-01-15,2025-02-14,223873,2025-02-14,0
AR0147,C043,2025-12-14,2026-01-13,569992,2026-01-18,5
AR0148,C047,2025-03-26,2025-04-25,529767,2025-05-10,15
AR0149,C009,2025-11-15,2025-12-15,390044,2025-12-11,-4
AR0150,C026,2025-10-31,2025-11-30,410673,2025-12-02,2
AR0151,C006,2025-11-26,2025-12-26,318130,2025-12-29,3
AR0152,C030,2025-04-04,2025-05-04,46363,2025-05-04,0
AR0153,C025,2025-06-17,2025-07-17,150615,2025-08-01,15
AR0154,C021,2025-06-22,2025-07-22,481968,2025-07-23,1
AR0155,C018,2025-08-04,2025-09-03,152262,2025-09-05,2
AR0156,C031,2025-01-10,2025-02-09,412704,2025-03-10,29
AR0157,C004,2025-06-29,2025-07-29,158189,2025-07-31,2
AR0158,C050,2025-11-30,2025-12-30,53437,2025-12-28,-2
AR0159,C016,2025-04-13,2025-05-13,459997,2025-05-15,2
AR0160,C040,2025-03-20,2025-04-19,166825,2025-04-18,-1
AR0161,C031,2025-12-09,2026-01-08,103964,2026-01-16,8
AR0162,C030,2025-12-25,2026-01-24,200648,2026-01-24,0
AR0163,C011,2025-11-07,2025-12-07,439883,2025-12-05,-2
AR0164,C050,2025-03-25,2025-04-24,210533,2025-04-22,-2
AR0165,C038,2025-01-14,2025-02-13,183555,2025-02-15,2
AR0166,C044,2025-07-12,2025-08-11,227961,2025-08-10,-1
AR0167,C005,2025-10-31,2025-11-30,496704,2025-12-03,3
AR0168,C007,2025-12-23,2026-01-22,552502,2026-01-22,0
AR0169,C044,2025-11-04,2025-12-04,575026,2025-12-02,-2
AR0170,C037,2025-01-22,2025-02-21,202034,2025-03-22,29
AR0171,C028,2025-12-05,2026-01-04,278570,2026-01-13,9
AR0172,C033,2025-11-28,2025-12-28,258573,2026-01-05,8
AR0173,C027,2025-09-08,2025-10-08,86631,2025-10-13,5
AR0174,C024,2025-11-22,2025-12-22,633674,2026-01-06,15
AR0175,C046,2025-03-20,2025-04-19,285568,2025-04-22,3
AR0176,C047,2025-09-25,2025-10-25,415181,2025-11-06,12
AR0177,C040,2025-10-03,2025-11-02,553975,2025-11-03,1
AR0178,C030,2025-08-12,2025-09-11,452922,2025-09-13,2
AR0179,C018,2025-06-15,2025-07-15,536523,2025-07-18,3
AR0180,C006,2025-05-23,2025-06-22,482228,2025-06-27,5
AR0181,C016,2025-08-26,2025-09-25,318765,2025-09-30,5
AR0182,C022,2025-01-15,2025-02-14,279158,2025-02-18,4
AR0183,C012,2025-09-07,2025-10-07,150892,2025-10-07,0
AR0184,C017,2025-06-24,2025-07-24,191614,2025-08-05,12
AR0185,C036,2025-01-06,2025-02-05,290861,2025-02-04,-1
AR0186,C006,2025-05-04,2025-06-03,397526,2025-06-08,5
AR0187,C032,2025-10-12,2025-11-11,542744,2025-11-10,-1
AR0188,C045,2025-09-01,2025-10-01,412434,2025-10-02,1
AR0189,C029,2025-01-09,2025-02-08,68786,2025-02-08,0
AR0190,C015,2025-07-27,2025-08-26,382695,2025-08-25,-1
AR0191,C020,2025-12-06,2026-01-05,422372,2026-01-18,13
AR0192,C031,2025-10-11,2025-11-10,387861,2025-11-27,17
AR0193,C028,2025-10-09,2025-11-08,251457,2025-11-21,13
AR0194,C045,2025-08-21,2025-09-20,162038,2025-09-20,0
AR0195,C017,2025-04-29,2025-05-29,83258,2025-06-05,7
AR0196,C021,2025-03-03,2025-04-02,470905,2025-04-04,2
AR0197,C049,2025-12-20,2026-01-19,152192,2026-01-22,3
AR0198,C014,2025-09-05,2025-10-05,189709,2025-10-09,4
AR0199,C007,2025-04-10,2025-05-10,175318,2025-05-09,-1
AR0200,C024,2025-04-02,2025-05-02,178475,2025-05-10,8
AR0201,C046,2025-10-01,2025-10-31,112274,2025-11-04,4
AR0202,C003,2025-01-28,2025-02-27,310119,2025-03-11,12
AR0203,C045,2025-03-06,2025-04-05,407591,2025-04-06,1
AR0204,C007,2025-01-07,2025-02-06,320974,2025-02-06,0
AR0205,C031,2025-09-03,2025-10-03,288571,2025-10-19,16
AR0206,C012,2025-01-27,2025-02-26,152371,2025-02-27,1
AR0207,C008,2025-02-03,2025-03-05,230086,2025-03-06,1
AR0208,C005,2025-10-23,2025-11-22,455013,2025-11-24,2
AR0209,C010,2025-03-18,2025-04-17,512062,2025-04-19,2
AR0210,C020,2025-02-13,2025-03-15,150123,2025-03-24,9
AR0211,C036,2025-08-02,2025-09-01,337885,2025-09-03,2
AR0212,C040,2025-04-26,2025-05-26,426686,2025-05-28,2
AR0213,C025,2025-08-19,2025-09-18,496317,2025-10-03,15
AR0214,C020,2025-10-29,2025-11-28,318279,2025-12-10,12
AR0215,C037,2025-11-14,2025-12-14,67051,2025-12-15,1
AR0216,C049,2025-04-17,2025-05-17,347950,2025-05-20,3
AR0217,C017,2025-12-05,2026-01-04,81334,2026-01-09,5
AR0218,C016,2025-03-30,2025-04-29,355812,2025-05-01,2
AR0219,C011,2025-01-02,2025-02-01,234180,2025-02-02,1
AR0220,C045,2025-11-01,2025-12-01,346279,2025-12-01,0
AR0221,C003,2025-04-29,2025-05-29,171049,2025-06-10,12
AR0222,C045,2025-08-21,2025-09-20,57318,2025-09-19,-1
AR0223,C017,2025-11-17,2025-12-17,427984,2025-12-24,7
AR0224,C028,2025-02-28,2025-03-30,305507,2025-04-10,11
AR0225,C042,2025-03-18,2025-04-17,570709,2025-04-29,12
AR0226,C010,2025-02-06,2025-03-08,51267,2025-03-07,-1
AR0227,C020,2025-11-01,2025-12-01,536469,2025-12-13,12
AR0228,C029,2025-03-05,2025-04-04,305591,2025-04-04,0
AR0229,C045,2025-07-26,2025-08-25,162735,2025-08-27,2
AR0230,C035,2025-09-10,2025-10-10,286937,2025-10-19,9
AR0231,C039,2025-01-21,2025-02-20,486313,2025-03-14,22
AR0232,C048,2025-06-15,2025-07-15,386996,2025-07-15,0
AR0233,C002,2025-02-16,2025-03-18,140022,2025-03-20,2
AR0234,C038,2025-01-11,2025-02-10,420954,2025-02-10,0
AR0235,C037,2025-01-21,2025-02-20,420088,2025-02-26,6
AR0236,C031,2025-09-23,2025-10-23,415814,2025-11-15,23
AR0237,C018,2025-04-03,2025-05-03,326881,2025-05-08,5
AR0238,C041,2025-09-09,2025-10-09,78012,2025-10-24,15
AR0239,C023,2025-07-29,2025-08-28,194749,2025-09-12,15
AR0240,C043,2025-02-23,2025-03-25,469699,2025-03-28,3
AR0241,C022,2025-07-30,2025-08-29,383684,2025-09-03,5
AR0242,C019,2025-12-06,2026-01-05,298937,2026-02-04,30
AR0243,C003,2025-08-21,2025-09-20,66168,2025-10-03,13
AR0244,C017,2025-06-15,2025-07-15,92892,2025-08-04,20
AR0245,C033,2025-01-01,2025-01-31,364803,2025-02-15,15
AR0246,C027,2025-01-28,2025-02-27,118347,2025-03-03,4
AR0247,C040,2025-09-13,2025-10-13,400078,2025-10-14,1
AR0248,C049,2025-01-27,2025-02-26,126723,2025-03-02,4
AR0249,C036,2025-03-09,2025-04-08,196661,2025-04-09,1
AR0250,C045,2025-09-06,2025-10-06,96211,2025-10-04,-2
AR0251,C041,2025-11-08,2025-12-08,570791,2025-12-19,11
AR0252,C046,2025-03-23,2025-04-22,210360,2025-04-24,2
AR0253,C036,2025-07-28,2025-08-27,68868,2025-08-26,-1
AR0254,C008,2025-08-25,2025-09-24,81586,2025-09-23,-1
AR0255,C032,2025-05-30,2025-06-29,286795,2025-06-29,0
AR0256,C027,2025-09-05,2025-10-05,307715,2025-10-08,3
AR0257,C030,2025-10-10,2025-11-09,124584,2025-11-10,1
AR0258,C013,2025-11-03,2025-12-03,372403,2025-12-06,3
AR0259,C005,2025-05-22,2025-06-21,425104,2025-06-26,5
AR0260,C022,2025-09-17,2025-10-17,184086,2025-10-19,2
AR0261,C019,2025-06-02,2025-07-02,527939,2025-07-28,26
AR0262,C010,2025-08-17,2025-09-16,302371,2025-09-17,1
AR0263,C023,2025-06-20,2025-07-20,355767,2025-08-18,29
AR0264,C025,2025-08-22,2025-09-21,188704,2025-10-02,11
AR0265,C045,2025-05-03,2025-06-02,319786,2025-06-03,1
AR0266,C015,2025-07-30,2025-08-29,42883,2025-08-29,0
AR0267,C048,2025-08-31,2025-09-30,389742,2025-10-01,1
AR0268,C025,2025-12-06,2026-01-05,566074,2026-01-15,10
AR0269,C032,2025-01-19,2025-02-18,86189,2025-02-20,2
AR0270,C038,2025-06-19,2025-07-19,547368,2025-07-17,-2
AR0271,C029,2025-02-21,2025-03-23,295749,2025-03-24,1
AR0272,C001,2025-03-15,2025-04-14,270187,2025-04-13,-1
AR0273,C005,2025-08-29,2025-09-28,429744,2025-10-02,4
AR0274,C022,2025-11-16,2025-12-16,498128,2025-12-21,5
AR0275,C042,2025-02-11,2025-03-13,466570,2025-03-26,13
AR0276,C044,2025-10-01,2025-10-31,285004,2025-10-31,0
AR0277,C041,2025-09-07,2025-10-07,548985,2025-10-15,8
AR0278,C040,2025-02-05,2025-03-07,143087,2025-03-07,0
AR0279,C015,2025-02-16,2025-03-18,247526,2025-03-16,-2
AR0280,C049,2025-11-21,2025-12-21,505753,2025-12-23,2
AR0281,C029,2025-03-27,2025-04-26,441434,2025-04-26,0
AR0282,C002,2025-01-24,2025-02-23,190065,2025-02-21,-2
AR0283,C019,2025-07-03,2025-08-02,216524,2025-08-24,22
AR0284,C010,2025-05-06,2025-06-05,298484,2025-06-06,1
AR0285,C037,2025-12-16,2026-01-15,566160,2026-01-21,6
AR0286,C011,2025-03-31,2025-04-30,70612,2025-05-02,2
AR0287,C025,2025-11-14,2025-12-14,491606,2025-12-25,11
AR0288,C032,2025-10-26,2025-11-25,123544,2025-11-24,-1
AR0289,C030,2025-11-23,2025-12-23,199104,2025-12-24,1
AR0290,C017,2025-12-08,2026-01-07,32403,2026-01-31,24
AR0291,C019,2025-12-13,2026-01-12,398546,2026-01-17,5
AR0292,C005,2025-08-15,2025-09-14,201175,2025-09-18,4
AR0293,C041,2025-08-06,2025-09-05,381923,2025-09-17,12
AR0294,C030,2025-06-04,2025-07-04,143114,2025-07-05,1
AR0295,C031,2025-02-24,2025-03-26,144364,2025-04-14,19
AR0296,C037,2025-07-03,2025-08-02,321366,2025-08-15,13
AR0297,C045,2025-06-01,2025-07-01,36227,2025-07-02,1
AR0298,C018,2025-01-05,2025-02-04,316709,2025-02-06,2
AR0299,C039,2025-09-12,2025-10-12,525144,2025-10-25,13
AR0300,C050,2025-04-28,2025-05-28,338276,2025-05-28,0
AR0301,C015,2025-11-22,2025-12-22,155587,2025-12-24,2
AR0302,C017,2025-12-14,2026-01-13,540982,2026-01-16,3
AR0303,C041,2025-02-19,2025-03-21,493643,2025-03-29,8
AR0304,C020,2025-08-14,2025-09-13,37492,2025-09-26,13
AR0305,C047,2025-03-09,2025-04-08,77343,2025-04-20,12
AR0306,C021,2025-08-01,2025-08-31,112085,2025-08-30,-1
AR0307,C009,2025-10-04,2025-11-03,623372,2025-11-21,18
AR0308,C034,2025-09-14,2025-10-14,573769,2025-10-26,12
AR0309,C011,2025-05-12,2025-06-11,499224,2025-06-12,1
AR0310,C019,2025-06-23,2025-07-23,507896,2025-07-25,2
AR0311,C030,2025-02-08,2025-03-10,93797,2025-03-09,-1
AR0312,C044,2025-12-12,2026-01-11,296865,2026-01-13,2
AR0313,C024,2025-02-16,2025-03-18,434545,2025-04-01,14
AR0314,C001,2025-05-16,2025-06-15,301318,2025-06-13,-2
AR0315,C030,2025-07-08,2025-08-07,372755,2025-08-07,0
AR0316,C038,2025-07-15,2025-08-14,451183,2025-08-14,0
AR0317,C007,2025-12-12,2026-01-11,185367,2026-01-12,1
AR0318,C002,2025-11-14,2025-12-14,628670,2025-12-16,2
AR0319,C021,2025-11-09,2025-12-09,176878,2025-12-07,-2
AR0320,C041,2025-08-26,2025-09-25,496781,2025-10-07,12
AR0321,C042,2025-07-29,2025-08-28,81171,2025-09-07,10
AR0322,C003,2025-01-20,2025-02-19,179574,2025-03-06,15
AR0323,C008,2025-02-19,2025-03-21,143102,2025-03-23,2
AR0324,C009,2025-07-18,2025-08-17,257839,2025-09-04,18
AR0325,C043,2025-12-23,2026-01-22,394180,2026-01-27,5
AR0326,C038,2025-03-21,2025-04-20,556842,2025-04-21,1
AR0327,C042,2025-02-20,2025-03-22,457095,2025-04-06,15
AR0328,C040,2025-07-28,2025-08-27,166664,2025-08-25,-2
AR0329,C045,2025-07-09,2025-08-08,133911,2025-08-09,1
AR0330,C029,2025-05-01,2025-05-31,468502,2025-05-31,0
AR0331,C007,2025-12-18,2026-01-17,276365,2026-01-19,2
AR0332,C042,2025-07-03,2025-08-02,51745,2025-08-16,14
AR0333,C018,2025-04-08,2025-05-08,84046,2025-05-13,5
AR0334,C006,2025-12-06,2026-01-05,170565,2026-01-07,2
AR0335,C004,2025-06-20,2025-07-20,169855,2025-07-23,3
AR0336,C037,2025-04-16,2025-05-16,55971,2025-06-15,30
AR0337,C014,2025-10-28,2025-11-27,173186,2025-11-30,3
AR0338,C022,2025-03-17,2025-04-16,498497,2025-04-18,2
AR0339,C018,2025-03-16,2025-04-15,101375,2025-04-19,4
AR0340,C012,2025-02-26,2025-03-28,366584,2025-03-26,-2
AR0341,C009,2025-01-08,2025-02-07,207822,2025-02-17,10
AR0342,C038,2025-06-15,2025-07-15,32513,2025-07-14,-1
AR0343,C017,2025-01-27,2025-02-26,86457,2025-03-19,21
AR0344,C034,2025-02-28,2025-03-30,410943,2025-04-08,9
AR0345,C031,2025-08-18,2025-09-17,427904,2025-10-05,18
AR0346,C033,2025-10-31,2025-11-30,100327,2025-12-15,15
AR0347,C033,2025-04-24,2025-05-24,342493,2025-06-01,8
AR0348,C047,2025-12-04,2026-01-03,381407,2026-01-15,12
AR0349,C030,2025-11-26,2025-12-26,47230,2025-12-24,-2
AR0350,C031,2025-07-25,2025-08-24,243490,2025-08-25,1
AR0351,C032,2025-12-31,2026-01-30,646028,2026-01-31,1
AR0352,C005,2025-02-11,2025-03-13,188879,2025-03-16,3
AR0353,C005,2025-03-06,2025-04-05,188815,2025-04-09,4
AR0354,C025,2025-11-02,2025-12-02,387613,2025-12-14,12
AR0355,C030,2025-09-16,2025-10-16,388030,2025-10-17,1
AR0356,C007,2025-12-26,2026-01-25,103980,2026-01-27,2
AR0357,C047,2025-04-21,2025-05-21,245480,2025-06-05,15
AR0358,C015,2025-07-31,2025-08-30,197697,2025-08-31,1
AR0359,C026,2025-08-01,2025-08-31,402527,2025-09-02,2
AR0360,C021,2025-08-07,2025-09-06,183852,2025-09-06,0
AR0361,C024,2025-03-20,2025-04-19,437105,2025-05-04,15
AR0362,C005,2025-02-16,2025-03-18,456088,2025-03-20,2
AR0363,C006,2025-08-10,2025-09-09,70627,2025-09-13,4
AR0364,C009,2025-10-12,2025-11-11,66881,2025-12-11,30
AR0365,C036,2025-06-18,2025-07-18,426970,2025-07-16,-2
AR0366,C027,2025-07-01,2025-07-31,478021,2025-08-05,5
AR0367,C047,2025-01-27,2025-02-26,170800,2025-03-10,12
AR0368,C023,2025-02-23,2025-03-25,322995,2025-04-21,27
AR0369,C014,2025-03-21,2025-04-20,418965,2025-04-25,5
AR0370,C015,2025-02-25,2025-03-27,203560,2025-03-29,2
AR0371,C024,2025-02-28,2025-03-30,419824,2025-04-11,12
AR0372,C037,2025-04-26,2025-05-26,443216,2025-06-17,22
AR0373,C036,2025-11-15,2025-12-15,444195,2025-12-17,2
AR0374,C002,2025-11-08,2025-12-08,474360,2025-12-08,0
AR0375,C002,2025-04-03,2025-05-03,163272,2025-05-03,0
AR0376,C022,2025-06-29,2025-07-29,26681,2025-08-01,3
AR0377,C010,2025-10-17,2025-11-16,474028,2025-11-17,1
AR0378,C005,2025-03-14,2025-04-13,469753,2025-04-15,2
AR0379,C006,2025-09-29,2025-10-29,152709,2025-11-03,5
AR0380,C027,2025-08-21,2025-09-20,198727,2025-09-23,3
AR0381,C024,2025-06-09,2025-07-09,458072,2025-07-22,13
AR0382,C050,2025-10-18,2025-11-17,432369,2025-11-15,-2
AR0383,C004,2025-03-21,2025-04-20,117907,2025-04-22,2
AR0384,C044,2025-02-11,2025-03-13,162660,2025-03-14,1
AR0385,C043,2025-08-06,2025-09-05,274626,2025-09-10,5
AR0386,C027,2025-05-20,2025-06-19,133020,2025-06-21,2
AR0387,C023,2025-08-09,2025-09-08,78138,2025-09-21,13
AR0388,C044,2025-12-14,2026-01-13,430264,2026-01-14,1
AR0389,C034,2025-12-08,2026-01-07,236210,2026-01-15,8
AR0390,C015,2025-07-22,2025-08-21,334218,2025-08-19,-2
AR0391,C001,2025-04-15,2025-05-15,178030,2025-05-14,-1
AR0392,C050,2025-03-12,2025-04-11,483735,2025-04-11,0
AR0393,C019,2025-06-17,2025-07-17,95341,2025-07-12,-5
AR0394,C032,2025-08-09,2025-09-08,112114,2025-09-07,-1
AR0395,C025,2025-09-30,2025-10-30,447264,2025-11-10,11
AR0396,C033,2025-10-14,2025-11-13,593992,2025-11-26,13
AR0397,C005,2025-07-23,2025-08-22,471812,2025-08-24,2
AR0398,C028,2025-01-10,2025-02-09,261043,2025-02-18,9
AR0399,C021,2025-10-22,2025-11-21,318588,2025-11-23,2
AR0400,C026,2025-12-30,2026-01-29,462303,2026-02-03,5
AR0401,C019,2025-02-28,2025-03-30,232353,2025-03-26,-4
AR0402,C021,2025-03-29,2025-04-28,506141,2025-04-30,2
AR0403,C030,2025-12-20,2026-01-19,272629,2026-01-17,-2
AR0404,C028,2025-02-24,2025-03-26,147567,2025-04-09,14
AR0405,C038,2025-07-25,2025-08-24,294707,2025-08-22,-2
AR0406,C026,2025-06-08,2025-07-08,472668,2025-07-12,4
AR0407,C015,2025-06-20,2025-07-20,492754,2025-07-19,-1
AR0408,C005,2025-09-19,2025-10-19,404790,2025-10-21,2
AR0409,C034,2025-09-19,2025-10-19,139910,2025-11-01,13
AR0410,C023,2025-11-27,2025-12-27,581508,2025-12-31,4
AR0411,C016,2025-02-22,2025-03-24,96778,2025-03-28,4
AR0412,C013,2025-03-30,2025-04-29,386204,2025-05-02,3
AR0413,C049,2025-12-02,2026-01-01,77357,2026-01-04,3
AR0414,C050,2025-11-18,2025-12-18,362776,2025-12-19,1
AR0415,C049,2025-10-16,2025-11-15,543912,2025-11-20,5
AR0416,C044,2025-10-17,2025-11-16,464245,2025-11-18,2
AR0417,C021,2025-11-18,2025-12-18,241471,2025-12-17,-1
AR0418,C029,2025-02-04,2025-03-06,265849,2025-03-07,1
AR0419,C041,2025-06-05,2025-07-05,503131,2025-07-17,12
AR0420,C038,2025-01-29,2025-02-28,204519,2025-03-02,2
AR0421,C005,2025-06-08,2025-07-08,301398,2025-07-13,5
AR0422,C003,2025-01-30,2025-03-01,213324,2025-03-13,12
AR0423,C005,2025-11-27,2025-12-27,615049,2025-12-29,2
AR0424,C040,2025-11-01,2025-12-01,371603,2025-12-02,1
AR0425,C030,2025-10-25,2025-11-24,403807,2025-11-22,-2
AR0426,C029,2025-10-20,2025-11-19,470275,2025-11-18,-1
AR0427,C021,2025-11-06,2025-12-06,350175,2025-12-08,2
AR0428,C010,2025-02-01,2025-03-03,256203,2025-03-01,-2
AR0429,C022,2025-02-13,2025-03-15,284528,2025-03-18,3
AR0430,C003,2025-05-07,2025-06-06,390997,2025-06-21,15
AR0431,C029,2025-09-26,2025-10-26,338180,2025-10-28,2
AR0432,C011,2025-07-06,2025-08-05,215481,2025-08-05,0
AR0433,C025,2025-07-29,2025-08-28,426042,2025-09-10,13
AR0434,C044,2025-11-03,2025-12-03,61690,2025-12-03,0
AR0435,C005,2025-06-18,2025-07-18,79980,2025-07-23,5
AR0436,C019,2025-05-10,2025-06-09,399444,2025-06-13,4
AR0437,C022,2025-02-11,2025-03-13,325523,2025-03-16,3
AR0438,C023,2025-06-08,2025-07-08,418555,2025-07-28,20
AR0439,C009,2025-11-01,2025-12-01,509122,2025-12-01,0
AR0440,C020,2025-10-14,2025-11-13,282734,2025-11-26,13
AR0441,C009,2025-12-10,2026-01-09,505030,2026-02-06,28
AR0442,C006,2025-11-27,2025-12-27,482965,2026-01-01,5
AR0443,C033,2025-07-05,2025-08-04,29558,2025-08-17,13
AR0444,C020,2025-04-03,2025-05-03,132298,2025-05-16,13
AR0445,C050,2025-09-06,2025-10-06,138765,2025-10-05,-1
AR0446,C009,2025-03-21,2025-04-20,69524,2025-05-03,13
AR0447,C007,2025-09-17,2025-10-17,487783,2025-10-19,2
AR0448,C048,2025-09-27,2025-10-27,45758,2025-10-27,0
AR0449,C050,2025-11-13,2025-12-13,115319,2025-12-15,2
AR0450,C025,2025-03-20,2025-04-19,120823,2025-04-29,10
AR0451,C045,2025-11-16,2025-12-16,577422,2025-12-15,-1
AR0452,C047,2025-08-13,2025-09-12,42907,2025-09-26,14
AR0453,C024,2025-12-13,2026-01-12,516451,2026-01-23,11
AR0454,C029,2025-11-09,2025-12-09,220199,2025-12-10,1
AR0455,C015,2025-10-01,2025-10-31,189010,2025-10-31,0
AR0456,C031,2025-04-10,2025-05-10,212854,2025-06-02,23
AR0457,C030,2025-05-25,2025-06-24,427961,2025-06-25,1
AR0458,C033,2025-09-28,2025-10-28,275422,2025-11-07,10
AR0459,C013,2025-11-06,2025-12-06,120328,2025-12-10,4
AR0460,C004,2025-11-25,2025-12-25,353557,2025-12-29,4
AR0461,C036,2025-02-22,2025-03-24,392978,2025-03-26,2
AR0462,C008,2025-05-26,2025-06-25,63974,2025-06-24,-1
AR0463,C018,2025-08-19,2025-09-18,494641,2025-09-21,3
AR0464,C028,2025-02-16,2025-03-18,497366,2025-03-29,11
AR0465,C029,2025-06-28,2025-07-28,39079,2025-07-29,1
AR0466,C004,2025-07-22,2025-08-21,283196,2025-08-25,4
AR0467,C016,2025-07-17,2025-08-16,62784,2025-08-20,4
AR0468,C015,2025-01-15,2025-02-14,187082,2025-02-12,-2
AR0469,C046,2025-11-29,2025-12-29,254524,2026-01-01,3
AR0470,C009,2025-01-20,2025-02-19,170407,2025-03-16,25
AR0471,C045,2025-03-13,2025-04-12,480528,2025-04-13,1
AR0472,C029,2025-11-12,2025-12-12,29578,2025-12-10,-2
AR0473,C002,2025-05-12,2025-06-11,133065,2025-06-10,-1
AR0474,C036,2025-11-08,2025-12-08,385715,2025-12-09,1
AR0475,C008,2025-05-28,2025-06-27,144591,2025-06-27,0
AR0476,C008,2025-01-25,2025-02-24,145010,2025-02-25,1
AR0477,C041,2025-11-15,2025-12-15,337556,2025-12-24,9
AR0478,C008,2025-09-13,2025-10-13,382792,2025-10-15,2
AR0479,C002,2025-11-20,2025-12-20,377266,2025-12-22,2
AR0480,C016,2025-03-15,2025-04-14,198616,2025-04-19,5
AR0481,C001,2025-11-11,2025-12-11,266470,2025-12-10,-1
AR0482,C037,2025-08-02,2025-09-01,118206,2025-09-01,0
AR0483,C034,2025-07-04,2025-08-03,55483,2025-08-11,8
AR0484,C025,2025-08-29,2025-09-28,42824,2025-10-12,14
AR0485,C024,2025-05-10,2025-06-09,411809,2025-06-17,8
AR0486,C023,2025-02-04,2025-03-06,200775,2025-03-16,10
AR0487,C047,2025-12-03,2026-01-02,454203,2026-01-11,9
AR0488,C050,2025-10-25,2025-11-24,527083,2025-11-24,0
AR0489,C009,2025-01-23,2025-02-22,204706,2025-03-23,29
AR0490,C022,2025-11-26,2025-12-26,145336,2025-12-31,5
AR0491,C045,2025-09-03,2025-10-03,403892,2025-10-02,-1
AR0492,C009,2025-02-02,2025-03-04,395413,2025-03-28,24
AR0493,C003,2025-05-31,2025-06-30,125691,2025-07-08,8
AR0494,C013,2025-01-22,2025-02-21,185463,2025-02-25,4
AR0495,C033,2025-07-23,2025-08-22,447507,2025-09-06,15
AR0496,C017,2025-01-19,2025-02-18,414941,2025-02-25,7
AR0497,C019,2025-07-02,2025-08-01,472008,2025-07-30,-2
AR0498,C042,2025-06-19,2025-07-19,187730,2025-07-28,9
AR0499,C024,2025-08-12,2025-09-11,486347,2025-09-25,14
AR0500,C048,2025-08-14,2025-09-13,489047,2025-09-14,1
AR0501,C022,2025-04-06,2025-05-06,280153,2025-05-11,5
AR0502,C024,2025-09-23,2025-10-23,183813,2025-11-01,9
AR0503,C047,2025-08-06,2025-09-05,61380,2025-09-19,14
AR0504,C039,2025-04-03,2025-05-03,305985,2025-05-16,13
AR0505,C021,2025-02-22,2025-03-24,61979,2025-03-24,0
AR0506,C043,2025-06-01,2025-07-01,207795,2025-07-06,5
AR0507,C039,2025-08-07,2025-09-06,107369,2025-09-29,23
AR0508,C023,2025-08-17,2025-09-16,42206,2025-10-03,17
AR0509,C040,2025-08-11,2025-09-10,163946,2025-09-08,-2
AR0510,C005,2025-12-10,2026-01-09,460512,2026-01-14,5
AR0511,C024,2025-09-20,2025-10-20,506005,2025-10-30,10
AR0512,C002,2025-03-15,2025-04-14,534689,2025-04-16,2
AR0513,C044,2025-08-13,2025-09-12,38244,2025-09-11,-1
AR0514,C005,2025-05-01,2025-05-31,428166,2025-06-04,4
AR0515,C024,2025-07-16,2025-08-15,317399,2025-08-23,8
AR0516,C039,2025-03-20,2025-04-19,432427,2025-05-12,23
AR0517,C024,2025-07-10,2025-08-09,252752,2025-08-18,9
AR0518,C037,2025-03-12,2025-04-11,342227,2025-04-29,18
AR0519,C026,2025-06-10,2025-07-10,414639,2025-07-14,4
AR0520,C016,2025-02-28,2025-03-30,33586,2025-04-02,3
AR0521,C032,2025-09-23,2025-10-23,256325,2025-10-25,2
AR0522,C008,2025-05-15,2025-06-14,426304,2025-06-14,0
AR0523,C046,2025-08-17,2025-09-16,132496,2025-09-20,4
AR0524,C045,2025-09-09,2025-10-09,143693,2025-10-07,-2
AR0525,C009,2025-02-07,2025-03-09,257000,2025-03-15,6
AR0526,C046,2025-08-16,2025-09-15,66027,2025-09-19,4
AR0527,C043,2025-06-27,2025-07-27,450803,2025-07-29,2
AR0528,C036,2025-10-05,2025-11-04,223902,2025-11-04,0
AR0529,C011,2025-12-31,2026-01-30,509619,2026-01-29,-1
AR0530,C024,2025-09-18,2025-10-18,158202,2025-10-27,9
AR0531,C013,2025-03-13,2025-04-12,165734,2025-04-17,5
AR0532,C002,2025-07-04,2025-08-03,310466,2025-08-05,2
AR0533,C024,2025-08-28,2025-09-27,441350,2025-10-07,10
AR0534,C040,2025-02-14,2025-03-16,54470,2025-03-16,0
AR0535,C026,2025-09-03,2025-10-03,339957,2025-10-08,5
AR0536,C050,2025-07-29,2025-08-28,451666,2025-08-30,2
AR0537,C005,2025-03-06,2025-04-05,214144,2025-04-07,2
AR0538,C029,2025-08-27,2025-09-26,376572,2025-09-28,2
AR0539,C023,2025-03-07,2025-04-06,552348,2025-05-06,30
AR0540,C041,2025-10-28,2025-11-27,150021,2025-12-07,10
AR0541,C028,2025-09-15,2025-10-15,572096,2025-10-23,8
AR0542,C008,2025-09-23,2025-10-23,115257,2025-10-23,0
AR0543,C011,2025-03-24,2025-04-23,217542,2025-04-22,-1
AR0544,C023,2025-09-23,2025-10-23,562577,2025-11-05,13
AR0545,C006,2025-05-09,2025-06-08,122918,2025-06-12,4
AR0546,C009,2025-11-17,2025-12-17,232397,2026-01-15,29
AR0547,C006,2025-09-15,2025-10-15,409471,2025-10-18,3
AR0548,C038,2025-10-25,2025-11-24,131094,2025-11-23,-1
AR0549,C043,2025-11-16,2025-12-16,517164,2025-12-20,4
AR0550,C037,2025-01-22,2025-02-21,452661,2025-02-17,-4
AR0551,C006,2025-01-24,2025-02-23,356306,2025-02-27,4
AR0552,C042,2025-04-18,2025-05-18,422107,2025-06-01,14
AR0553,C040,2025-11-24,2025-12-24,46641,2025-12-25,1
AR0554,C041,2025-10-07,2025-11-06,223432,2025-11-18,12
AR0555,C031,2025-05-06,2025-06-05,441888,2025-06-25,20
AR0556,C020,2025-08-21,2025-09-20,58258,2025-09-28,8
AR0557,C011,2025-08-14,2025-09-13,237905,2025-09-14,1
AR0558,C030,2025-04-15,2025-05-15,198358,2025-05-17,2
AR0559,C010,2025-06-10,2025-07-10,542415,2025-07-10,0
AR0560,C047,2025-06-26,2025-07-26,263398,2025-08-05,10
AR0561,C049,2025-07-09,2025-08-08,289997,2025-08-10,2
AR0562,C021,2025-05-04,2025-06-03,264565,2025-06-01,-2
AR0563,C018,2025-08-19,2025-09-18,149980,2025-09-21,3
AR0564,C007,2025-01-26,2025-02-25,172154,2025-02-26,1
AR0565,C040,2025-08-03,2025-09-02,150165,2025-09-01,-1
AR0566,C021,2025-10-23,2025-11-22,517501,2025-11-22,0
AR0567,C013,2025-03-23,2025-04-22,323419,2025-04-27,5
AR0568,C032,2025-06-07,2025-07-07,322879,2025-07-05,-2
AR0569,C006,2025-07-21,2025-08-20,284998,2025-08-25,5
AR0570,C016,2025-04-21,2025-05-21,325840,2025-05-25,4
AR0571,C004,2025-01-26,2025-02-25,167511,2025-03-02,5
AR0572,C039,2025-12-01,2025-12-31,484372,2026-01-25,25
AR0573,C019,2025-10-02,2025-11-01,31573,2025-11-02,1
AR0574,C028,2025-03-10,2025-04-09,555059,2025-04-21,12
AR0575,C047,2025-07-07,2025-08-06,420480,2025-08-20,14
AR0576,C024,2025-01-24,2025-02-23,230020,2025-03-03,8
AR0577,C037,2025-10-15,2025-11-14,158671,2025-12-02,18
AR0578,C036,2025-05-28,2025-06-27,58551,2025-06-28,1
AR0579,C033,2025-08-19,2025-09-18,420767,2025-09-30,12
AR0580,C040,2025-12-15,2026-01-14,442470,2026-01-12,-2
AR0581,C009,2025-02-19,2025-03-21,226518,2025-04-08,18
AR0582,C022,2025-10-13,2025-11-12,275187,2025-11-15,3
AR0583,C013,2025-11-05,2025-12-05,373003,2025-12-10,5
AR0584,C033,2025-01-21,2025-02-20,43752,2025-02-28,8
AR0585,C009,2025-06-20,2025-07-20,507735,2025-08-14,25
AR0586,C034,2025-08-22,2025-09-21,98087,2025-10-01,10
AR0587,C021,2025-11-10,2025-12-10,243101,2025-12-09,-1
AR0588,C026,2025-11-12,2025-12-12,529900,2025-12-16,4
AR0589,C038,2025-06-22,2025-07-22,328875,2025-07-24,2
AR0590,C035,2025-09-08,2025-10-08,450320,2025-10-20,12
AR0591,C031,2025-01-09,2025-02-08,213125,2025-02-24,16
AR0592,C044,2025-02-26,2025-03-28,238387,2025-03-30,2
AR0593,C020,2025-12-19,2026-01-18,454886,2026-01-26,8
AR0594,C039,2025-08-31,2025-09-30,159214,2025-10-09,9
AR0595,C047,2025-01-27,2025-02-26,325934,2025-03-13,15
AR0596,C011,2025-09-26,2025-10-26,402258,2025-10-28,2
AR0597,C050,2025-07-14,2025-08-13,97477,2025-08-12,-1
AR0598,C003,2025-10-21,2025-11-20,503456,2025-11-29,9
AR0599,C013,2025-01-10,2025-02-09,251231,2025-02-13,4
AR0600,C027,2025-03-19,2025-04-18,271986,2025-04-21,3
AR0601,C027,2025-09-14,2025-10-14,490254,2025-10-19,5
AR0602,C048,2025-02-01,2025-03-03,390029,2025-03-02,-1
AR0603,C034,2025-04-17,2025-05-17,314066,2025-05-30,13
AR0604,C043,2025-09-02,2025-10-02,339826,2025-10-07,5
AR0605,C021,2025-03-30,2025-04-29,300145,2025-05-01,2
AR0606,C022,2025-10-07,2025-11-06,267472,2025-11-10,4
AR0607,C040,2025-09-05,2025-10-05,138921,2025-10-04,-1
AR0608,C018,2025-10-13,2025-11-12,229448,2025-11-15,3
AR0609,C020,2025-05-28,2025-06-27,389571,2025-07-08,11
AR0610,C045,2025-12-27,2026-01-26,359291,2026-01-26,0
AR0611,C031,2025-06-28,2025-07-28,360934,2025-08-09,12
AR0612,C019,2025-03-04,2025-04-03,368767,2025-05-02,29
AR0613,C025,2025-07-22,2025-08-21,449065,2025-09-03,13
AR0614,C050,2025-03-16,2025-04-15,198121,2025-04-13,-2
AR0615,C019,2025-02-10,2025-03-12,201594,2025-04-04,23
AR0616,C042,2025-05-12,2025-06-11,411820,2025-06-26,15
AR0617,C014,2025-04-14,2025-05-14,454085,2025-05-18,4
AR0618,C036,2025-12-23,2026-01-22,211129,2026-01-21,-1
AR0619,C007,2025-11-12,2025-12-12,530972,2025-12-14,2
AR0620,C016,2025-05-05,2025-06-04,46615,2025-06-07,3
AR0621,C041,2025-04-30,2025-05-30,47520,2025-06-08,9
AR0622,C027,2025-06-19,2025-07-19,455517,2025-07-24,5
AR0623,C007,2025-12-15,2026-01-14,551333,2026-01-13,-1
AR0624,C001,2025-10-09,2025-11-08,133647,2025-11-09,1
AR0625,C042,2025-09-01,2025-10-01,310868,2025-10-12,11
AR0626,C049,2025-05-28,2025-06-27,188384,2025-07-01,4
AR0627,C042,2025-01-31,2025-03-02,496020,2025-03-11,9
AR0628,C042,2025-10-21,2025-11-20,184275,2025-11-28,8
AR0629,C012,2025-08-02,2025-09-01,482550,2025-08-31,-1
AR0630,C003,2025-07-23,2025-08-22,433118,2025-09-06,15
AR0631,C012,2025-05-29,2025-06-28,479665,2025-06-26,-2
AR0632,C001,2025-06-02,2025-07-02,365441,2025-07-04,2
AR0633,C007,2025-06-21,2025-07-21,194570,2025-07-22,1
AR0634,C042,2025-10-06,2025-11-05,383360,2025-11-20,15
AR0635,C009,2025-09-16,2025-10-16,305183,2025-10-28,12
AR0636,C013,2025-02-27,2025-03-29,193373,2025-04-01,3
AR0637,C047,2025-08-23,2025-09-22,359888,2025-10-04,12
AR0638,C046,2025-04-06,2025-05-06,27384,2025-05-10,4
AR0639,C019,2025-10-18,2025-11-17,485654,2025-11-24,7
AR0640,C012,2025-11-09,2025-12-09,609527,2025-12-10,1
AR0641,C028,2025-09-21,2025-10-21,220717,2025-10-30,9
AR0642,C026,2025-12-09,2026-01-08,91011,2026-01-11,3
AR0643,C009,2025-09-02,2025-10-02,218108,2025-10-12,10
AR0644,C001,2025-05-14,2025-06-13,221103,2025-06-12,-1
AR0645,C029,2025-05-17,2025-06-16,192818,2025-06-16,0
AR0646,C038,2025-10-21,2025-11-20,33793,2025-11-20,0
AR0647,C042,2025-07-04,2025-08-03,383210,2025-08-14,11
AR0648,C004,2025-12-08,2026-01-07,106577,2026-01-12,5
AR0649,C020,2025-03-23,2025-04-22,267438,2025-05-04,12
AR0650,C045,2025-03-02,2025-04-01,408098,2025-04-01,0
AR0651,C024,2025-11-11,2025-12-11,176524,2025-12-22,11
AR0652,C009,2025-09-02,2025-10-02,115359,2025-10-26,24
AR0653,C048,2025-11-07,2025-12-07,280653,2025-12-08,1
AR0654,C045,2025-10-09,2025-11-08,648138,2025-11-09,1
AR0655,C049,2025-10-03,2025-11-02,572618,2025-11-05,3
AR0656,C049,2025-05-07,2025-06-06,376695,2025-06-08,2
AR0657,C034,2025-08-17,2025-09-16,296914,2025-09-29,13
AR0658,C005,2025-10-16,2025-11-15,102477,2025-11-17,2
AR0659,C036,2025-09-16,2025-10-16,144886,2025-10-18,2
AR0660,C035,2025-03-18,2025-04-17,122203,2025-04-30,13
AR0661,C034,2025-08-15,2025-09-14,80943,2025-09-25,11
AR0662,C046,2025-10-26,2025-11-25,359171,2025-11-27,2
AR0663,C033,2025-08-17,2025-09-16,443987,2025-09-24,8
AR0664,C030,2025-03-09,2025-04-08,332452,2025-04-09,1
AR0665,C030,2025-10-16,2025-11-15,65351,2025-11-17,2
AR0666,C030,2025-12-11,2026-01-10,575972,2026-01-10,0
AR0667,C047,2025-01-12,2025-02-11,227591,2025-02-23,12
AR0668,C001,2025-04-22,2025-05-22,323201,2025-05-20,-2
AR0669,C003,2025-08-05,2025-09-04,200632,2025-09-13,9
AR0670,C035,2025-01-31,2025-03-02,488828,2025-03-11,9
AR0671,C031,2025-01-17,2025-02-16,170518,2025-03-09,21
AR0672,C012,2025-03-11,2025-04-10,484741,2025-04-11,1
AR0673,C024,2025-07-15,2025-08-14,255162,2025-08-28,14
AR0674,C025,2025-02-11,2025-03-13,377947,2025-03-23,10
AR0675,C042,2025-06-28,2025-07-28,94526,2025-08-07,10
AR0676,C035,2025-07-21,2025-08-20,297265,2025-08-30,10
AR0677,C047,2025-04-25,2025-05-25,457686,2025-06-02,8
AR0678,C049,2025-01-12,2025-02-11,176428,2025-02-16,5
AR0679,C044,2025-10-06,2025-11-05,315074,2025-11-07,2
AR0680,C025,2025-04-28,2025-05-28,149767,2025-06-12,15
AR0681,C023,2025-03-21,2025-04-20,189196,2025-04-27,7
AR0682,C047,2025-02-27,2025-03-29,36891,2025-04-12,14
AR0683,C040,2025-01-09,2025-02-08,146178,2025-02-07,-1
AR0684,C005,2025-02-21,2025-03-23,331397,2025-03-25,2
AR0685,C029,2025-11-03,2025-12-03,484032,2025-12-01,-2
AR0686,C016,2025-01-23,2025-02-22,230902,2025-02-27,5
AR0687,C015,2025-10-04,2025-11-03,174084,2025-11-01,-2
AR0688,C009,2025-09-15,2025-10-15,197405,2025-10-24,9
AR0689,C047,2025-10-22,2025-11-21,243356,2025-12-04,13
AR0690,C016,2025-06-04,2025-07-04,551322,2025-07-07,3
AR0691,C043,2025-09-24,2025-10-24,156273,2025-10-29,5
AR0692,C020,2025-05-21,2025-06-20,51959,2025-06-30,10
AR0693,C041,2025-12-14,2026-01-13,317168,2026-01-28,15
AR0694,C004,2025-06-26,2025-07-26,410874,2025-07-31,5
AR0695,C034,2025-06-13,2025-07-13,442825,2025-07-27,14
AR0696,C027,2025-03-18,2025-04-17,203811,2025-04-22,5
AR0697,C012,2025-10-03,2025-11-02,348738,2025-11-01,-1
AR0698,C015,2025-06-03,2025-07-03,540037,2025-07-02,-1
AR0699,C030,2025-01-30,2025-03-01,314852,2025-03-02,1
AR0700,C027,2025-10-13,2025-11-12,387228,2025-11-15,3
