invoice_id,customer_id,invoice_date,amount,avg_delay,median_delay,std_delay,invoice_count,payment_delay_days
AR0081,C001,2025-02-27,59449,5.768571428571429,5.768571428571429,0.0,0.0,-1
AR0272,C001,2025-03-15,270187,-1.0,-1.0,0.0,1.0,-1
AR0391,C001,2025-04-15,178030,-1.0,-1.0,0.0,2.0,-1
AR0668,C001,2025-04-22,323201,-1.0,-1.0,0.0,3.0,-2
AR0644,C001,2025-05-14,221103,-1.25,-1.0,0.5,4.0,-1
AR0014,C001,2025-05-15,282451,-1.2,-1.0,0.4472135954999579,5.0,-1
AR0314,C001,2025-05-16,301318,-1.1666666666666667,-1.0,0.408248290463863,6.0,-2
AR0632,C001,2025-06-02,365441,-1.2857142857142858,-1.0,0.48795003647426666,7.0,2
AR0143,C001,2025-06-30,203042,-0.875,-1.0,1.246423454758225,8.0,1
AR0624,C001,2025-10-09,133647,-0.6666666666666666,-1.0,1.3228756555322954,9.0,1
AR0481,C001,2025-11-11,266470,-0.5,-1.0,1.35400640077266,10.0,-1
AR0282,C002,2025-01-24,190065,5.768571428571429,5.768571428571429,0.0,0.0,-2
AR0233,C002,2025-02-16,140022,-2.0,-2.0,0.0,1.0,2
AR0098,C002,2025-03-01,551793,0.0,0.0,2.8284271247461903,2.0,0
AR0512,C002,2025-03-15,534689,0.0,0.0,2.0,3.0,2
AR0375,C002,2025-04-03,163272,0.5,1.0,1.9148542155126762,4.0,0
AR0473,C002,2025-05-12,133065,0.4,0.0,1.6733200530681511,5.0,-1
AR0532,C002,2025-07-04,310466,0.16666666666666666,0.0,1.602081978759722,6.0,2
AR0029,C002,2025-10-29,403538,0.42857142857142855,0.0,1.618347187425374,7.0,-1
AR0374,C002,2025-11-08,474360,0.25,0.0,1.5811388300841898,8.0,0
AR0318,C002,2025-11-14,628670,0.2222222222222222,0.0,1.481365736219265,9.0,2
AR0479,C002,2025-11-20,377266,0.4,0.0,1.5055453054181622,10.0,2
AR0078,C003,2025-01-02,194879,5.768571428571429,5.768571428571429,0.0,0.0,10
AR0322,C003,2025-01-20,179574,10.0,10.0,0.0,1.0,15
AR0202,C003,2025-01-28,310119,12.5,12.5,3.5355339059327378,2.0,12
AR0422,C003,2025-01-30,213324,12.333333333333334,12.0,2.5166114784235836,3.0,12
AR0221,C003,2025-04-29,171049,12.25,12.0,2.0615528128088303,4.0,12
AR0120,C003,2025-05-06,269108,12.2,12.0,1.7888543819998317,5.0,9
AR0430,C003,2025-05-07,390997,11.666666666666666,12.0,2.065591117977289,6.0,15
AR0493,C003,2025-05-31,125691,12.142857142857142,12.0,2.2677868380553634,7.0,8
AR0085,C003,2025-07-03,130140,11.625,12.0,2.5599944196367748,8.0,11
AR0630,C003,2025-07-23,433118,11.555555555555555,12.0,2.403700850309326,9.0,15
AR0669,C003,2025-08-05,200632,11.9,12.0,2.514402955419481,10.0,9
AR0243,C003,2025-08-21,66168,11.636363636363637,12.0,2.5405797477240215,11.0,13
AR0598,C003,2025-10-21,503456,11.75,12.0,2.454124543035107,12.0,9
AR0103,C003,2025-12-29,323204,11.538461538461538,12.0,2.4703368398993892,13.0,8
AR0571,C004,2025-01-26,167511,5.768571428571429,5.768571428571429,0.0,0.0,5
AR0383,C004,2025-03-21,117907,5.0,5.0,0.0,1.0,2
AR0048,C004,2025-03-26,251494,3.5,3.5,2.1213203435596424,2.0,2
AR0053,C004,2025-06-10,57466,3.0,2.0,1.7320508075688772,3.0,2
AR0335,C004,2025-06-20,169855,2.75,2.0,1.5,4.0,3
AR0694,C004,2025-06-26,410874,2.8,2.0,1.3038404810405297,5.0,5
AR0157,C004,2025-06-29,158189,3.1666666666666665,2.5,1.4719601443879746,6.0,2
AR0466,C004,2025-07-22,283196,3.0,2.0,1.4142135623730951,7.0,4
AR0040,C004,2025-07-26,401793,3.125,2.5,1.3562026818605375,8.0,4
AR0460,C004,2025-11-25,353557,3.2222222222222223,3.0,1.3017082793177757,9.0,4
AR0045,C004,2025-11-30,394449,3.3,3.5,1.2516655570345725,10.0,2
AR0648,C004,2025-12-08,106577,3.1818181818181817,3.0,1.2504544628399563,11.0,5
AR0032,C005,2025-01-17,470696,5.768571428571429,5.768571428571429,0.0,0.0,4
AR0352,C005,2025-02-11,188879,4.0,4.0,0.0,1.0,3
AR0362,C005,2025-02-16,456088,3.5,3.5,0.7071067811865476,2.0,2
AR0684,C005,2025-02-21,331397,3.0,3.0,1.0,3.0,2
AR0353,C005,2025-03-06,188815,2.75,2.5,0.9574271077563381,4.0,4
AR0537,C005,2025-03-06,214144,3.0,3.0,1.0,5.0,2
AR0378,C005,2025-03-14,469753,2.8333333333333335,2.5,0.9831920802501751,6.0,2
AR0514,C005,2025-05-01,428166,2.7142857142857144,2.0,0.951189731211342,7.0,4
AR0259,C005,2025-05-22,425104,2.875,2.5,0.991031208965115,8.0,5
AR0421,C005,2025-06-08,301398,3.111111111111111,3.0,1.1666666666666667,9.0,5
AR0435,C005,2025-06-18,79980,3.3,3.5,1.2516655570345725,10.0,5
AR0397,C005,2025-07-23,471812,3.4545454545454546,4.0,1.2933395813657267,11.0,2
AR0044,C005,2025-08-15,443636,3.3333333333333335,3.5,1.3026778945578594,12.0,2
AR0292,C005,2025-08-15,201175,3.230769230769231,3.0,1.300887271175982,13.0,4
AR0273,C005,2025-08-29,429744,3.2857142857142856,3.5,1.266647387553302,14.0,4
AR0408,C005,2025-09-19,404790,3.3333333333333335,4.0,1.2344267996967355,15.0,2
AR0033,C005,2025-09-21,166499,3.25,3.5,1.2382783747337809,16.0,4
AR0022,C005,2025-09-30,484744,3.2941176470588234,4.0,1.2126781251816652,17.0,3
AR0658,C005,2025-10-16,102477,3.2777777777777777,3.5,1.1785113019775795,18.0,2
AR0208,C005,2025-10-23,455013,3.210526315789474,3.0,1.1822270588653647,19.0,2
AR0167,C005,2025-10-31,496704,3.15,3.0,1.1821033884786185,20.0,3
AR0423,C005,2025-11-27,615049,3.142857142857143,3.0,1.1526367287968178,21.0,2
AR0510,C005,2025-12-10,460512,3.090909090909091,3.0,1.1509454047327028,22.0,5
AR0551,C006,2025-01-24,356306,5.768571428571429,5.768571428571429,0.0,0.0,4
AR0118,C006,2025-05-01,372738,4.0,4.0,0.0,1.0,4
AR0046,C006,2025-05-02,107194,4.0,4.0,0.0,2.0,5
AR0186,C006,2025-05-04,397526,4.333333333333333,4.0,0.5773502691896258,3.0,5
AR0545,C006,2025-05-09,122918,4.5,4.5,0.5773502691896258,4.0,4
AR0180,C006,2025-05-23,482228,4.4,4.0,0.5477225575051663,5.0,5
AR0569,C006,2025-07-21,284998,4.5,4.5,0.5477225575051662,6.0,5
AR0363,C006,2025-08-10,70627,4.571428571428571,5.0,0.5345224838248489,7.0,4
AR0547,C006,2025-09-15,409471,4.5,4.5,0.5345224838248488,8.0,3
AR0379,C006,2025-09-29,152709,4.333333333333333,4.0,0.7071067811865476,9.0,5
AR0077,C006,2025-11-21,314697,4.4,4.5,0.6992058987801011,10.0,4
AR0151,C006,2025-11-26,318130,4.363636363636363,4.0,0.6741998624632421,11.0,3
AR0442,C006,2025-11-27,482965,4.25,4.0,0.7537783614444091,12.0,5
AR0334,C006,2025-12-06,170565,4.3076923076923075,4.0,0.7510676161988108,13.0,2
AR0204,C007,2025-01-07,320974,5.768571428571429,5.768571428571429,0.0,0.0,0
AR0564,C007,2025-01-26,172154,0.0,0.0,0.0,1.0,1
AR0199,C007,2025-04-10,175318,0.5,0.5,0.7071067811865476,2.0,-1
AR0041,C007,2025-05-08,120448,0.0,0.0,1.0,3.0,-1
AR0633,C007,2025-06-21,194570,-0.25,-0.5,0.9574271077563381,4.0,1
AR0447,C007,2025-09-17,487783,0.0,0.0,1.0,5.0,2
AR0100,C007,2025-11-02,322186,0.3333333333333333,0.5,1.2110601416389968,6.0,0
AR0619,C007,2025-11-12,530972,0.2857142857142857,0.0,1.1126972805283737,7.0,2
AR0317,C007,2025-12-12,185367,0.5,0.5,1.1952286093343936,8.0,1
AR0623,C007,2025-12-15,551333,0.5555555555555556,1.0,1.130388330520878,9.0,-1
AR0331,C007,2025-12-18,276365,0.4,0.5,1.1737877907772671,10.0,2
AR0168,C007,2025-12-23,552502,0.5454545454545454,1.0,1.2135597524338357,11.0,0
AR0356,C007,2025-12-26,103980,0.5,0.5,1.1677484162422844,12.0,2
AR0476,C008,2025-01-25,145010,5.768571428571429,5.768571428571429,0.0,0.0,1
AR0207,C008,2025-02-03,230086,1.0,1.0,0.0,1.0,1
AR0323,C008,2025-02-19,143102,1.0,1.0,0.0,2.0,2
AR0522,C008,2025-05-15,426304,1.3333333333333333,1.0,0.5773502691896258,3.0,0
AR0462,C008,2025-05-26,63974,1.0,1.0,0.816496580927726,4.0,-1
AR0475,C008,2025-05-28,144591,0.6,1.0,1.140175425099138,5.0,0
AR0127,C008,2025-08-22,89908,0.5,0.5,1.0488088481701516,6.0,1
AR0254,C008,2025-08-25,81586,0.5714285714285714,1.0,0.9759000729485332,7.0,-1
AR0478,C008,2025-09-13,382792,0.375,0.5,1.0606601717798212,8.0,2
AR0542,C008,2025-09-23,115257,0.5555555555555556,1.0,1.130388330520878,9.0,0
AR0341,C009,2025-01-08,207822,5.768571428571429,5.768571428571429,0.0,0.0,10
AR0470,C009,2025-01-20,170407,10.0,10.0,0.0,1.0,25
AR0084,C009,2025-01-22,181616,17.5,17.5,10.606601717798213,2.0,18
AR0489,C009,2025-01-23,204706,17.666666666666668,18.0,7.505553499465135,3.0,29
AR0492,C009,2025-02-02,395413,20.5,21.5,8.34665601703261,4.0,24
AR0525,C009,2025-02-07,257000,21.2,24.0,7.395944834840239,5.0,6
AR0581,C009,2025-02-19,226518,18.666666666666668,21.0,9.070097390142328,6.0,18
AR0446,C009,2025-03-21,69524,18.571428571428573,18.0,8.283661486266059,7.0,13
AR0002,C009,2025-05-07,410588,17.875,18.0,7.918107638282556,8.0,30
AR0072,C009,2025-05-16,80517,19.22222222222222,18.0,8.437680039231426,9.0,1
AR0585,C009,2025-06-20,507735,17.4,18.0,9.822875795249011,10.0,25
AR0067,C009,2025-06-28,554099,18.09090909090909,18.0,9.596400840466652,11.0,-1
AR0324,C009,2025-07-18,257839,16.5,18.0,10.681334611878286,12.0,18
AR0643,C009,2025-09-02,218108,16.615384615384617,18.0,10.235057901956893,13.0,10
AR0652,C009,2025-09-02,115359,16.142857142857142,18.0,9.991204923540295,14.0,24
AR0688,C009,2025-09-15,197405,16.666666666666668,18.0,9.839183086492689,15.0,9
AR0635,C009,2025-09-16,305183,16.1875,18.0,9.696863754156116,16.0,12
AR0005,C009,2025-09-18,320555,15.941176470588236,18.0,9.44371873413285,17.0,0
AR0307,C009,2025-10-04,623372,15.055555555555555,15.5,9.902300518341965,18.0,18
AR0364,C009,2025-10-12,66881,15.210526315789474,18.0,9.646985409203236,19.0,30
AR0439,C009,2025-11-01,509122,15.95,18.0,9.95503046599795,20.0,0
AR0149,C009,2025-11-15,390044,15.19047619047619,18.0,10.308341513643443,21.0,-4
AR0546,C009,2025-11-17,232397,14.318181818181818,15.5,10.860090167284913,22.0,29
AR0023,C009,2025-12-04,349939,14.956521739130435,18.0,11.04321371566993,23.0,30
AR0441,C009,2025-12-10,505030,15.583333333333334,18.0,11.22852217101287,24.0,28
AR0428,C010,2025-02-01,256203,5.768571428571429,5.768571428571429,0.0,0.0,-2
AR0226,C010,2025-02-06,51267,-2.0,-2.0,0.0,1.0,-1
AR0209,C010,2025-03-18,512062,-1.5,-1.5,0.7071067811865476,2.0,2
AR0284,C010,2025-05-06,298484,-0.3333333333333333,-1.0,2.0816659994661326,3.0,1
AR0559,C010,2025-06-10,542415,0.0,0.0,1.8257418583505538,4.0,0
AR0017,C010,2025-07-11,419775,0.0,0.0,1.5811388300841898,5.0,-1
AR0262,C010,2025-08-17,302371,-0.16666666666666666,-0.5,1.4719601443879746,6.0,1
AR0377,C010,2025-10-17,474028,0.0,0.0,1.4142135623730951,7.0,1
AR0007,C010,2025-11-18,135038,0.125,0.5,1.3562026818605375,8.0,1
AR0219,C011,2025-01-02,234180,5.768571428571429,5.768571428571429,0.0,0.0,1
AR0055,C011,2025-01-30,286248,1.0,1.0,0.0,1.0,-2
AR0543,C011,2025-03-24,217542,-0.5,-0.5,2.1213203435596424,2.0,-1
AR0286,C011,2025-03-31,70612,-0.6666666666666666,-1.0,1.5275252316519468,3.0,2
AR0309,C011,2025-05-12,499224,0.0,0.0,1.8257418583505538,4.0,1
AR0024,C011,2025-05-16,296653,0.2,1.0,1.6431676725154984,5.0,2
AR0432,C011,2025-07-06,215481,0.5,1.0,1.6431676725154984,6.0,0
AR0557,C011,2025-08-14,237905,0.42857142857142855,1.0,1.5118578920369088,7.0,1
AR0596,C011,2025-09-26,402258,0.5,1.0,1.4142135623730951,8.0,2
AR0163,C011,2025-11-07,439883,0.6666666666666666,1.0,1.4142135623730951,9.0,-2
AR0529,C011,2025-12-31,509619,0.4,1.0,1.577621275493231,10.0,-1
AR0206,C012,2025-01-27,152371,5.768571428571429,5.768571428571429,0.0,0.0,1
AR0056,C012,2025-02-05,331969,1.0,1.0,0.0,1.0,-2
AR0340,C012,2025-02-26,366584,-0.5,-0.5,2.1213203435596424,2.0,-2
AR0672,C012,2025-03-11,484741,-1.0,-2.0,1.7320508075688772,3.0,1
AR0043,C012,2025-05-23,262550,-0.5,-0.5,1.7320508075688772,4.0,-1
AR0631,C012,2025-05-29,479665,-0.6,-1.0,1.51657508881031,5.0,-2
AR0088,C012,2025-07-31,32995,-0.8333333333333334,-1.5,1.4719601443879744,6.0,-1
AR0629,C012,2025-08-02,482550,-0.8571428571428571,-1.0,1.3451854182690985,7.0,-1
AR0183,C012,2025-09-07,150892,-0.875,-1.0,1.2464234547582247,8.0,0
AR0697,C012,2025-10-03,348738,-0.7777777777777778,-1.0,1.201850425154663,9.0,-1
AR0099,C012,2025-10-25,206934,-0.8,-1.0,1.1352924243950933,10.0,-2
AR0640,C012,2025-11-09,609527,-0.9090909090909091,-1.0,1.1361818036340356,11.0,1
AR0599,C013,2025-01-10,251231,5.768571428571429,5.768571428571429,0.0,0.0,4
AR0494,C013,2025-01-22,185463,4.0,4.0,0.0,1.0,4
AR0037,C013,2025-02-18,70819,4.0,4.0,0.0,2.0,5
AR0636,C013,2025-02-27,193373,4.333333333333333,4.0,0.5773502691896258,3.0,3
AR0531,C013,2025-03-13,165734,4.0,4.0,0.816496580927726,4.0,5
AR0567,C013,2025-03-23,323419,4.2,4.0,0.8366600265340756,5.0,5
AR0412,C013,2025-03-30,386204,4.333333333333333,4.5,0.8164965809277259,6.0,3
AR0110,C013,2025-08-04,368614,4.142857142857143,4.0,0.8997354108424375,7.0,5
AR0258,C013,2025-11-03,372403,4.25,4.5,0.8864052604279183,8.0,3
AR0583,C013,2025-11-05,373003,4.111111111111111,4.0,0.927960727138337,9.0,5
AR0459,C013,2025-11-06,120328,4.2,4.5,0.9189365834726815,10.0,4
AR0122,C013,2025-12-23,287709,4.181818181818182,4.0,0.873862897505303,11.0,5
AR0369,C014,2025-03-21,418965,5.768571428571429,5.768571428571429,0.0,0.0,5
AR0617,C014,2025-04-14,454085,5.0,5.0,0.0,1.0,4
AR0198,C014,2025-09-05,189709,4.5,4.5,0.7071067811865476,2.0,4
AR0337,C014,2025-10-28,173186,4.333333333333333,4.0,0.5773502691896257,3.0,3
AR0061,C014,2025-12-09,514137,4.0,4.0,0.8164965809277259,4.0,4
AR0075,C014,2025-12-18,458279,4.0,4.0,0.7071067811865475,5.0,4
AR0094,C015,2025-01-13,366047,5.768571428571429,5.768571428571429,0.0,0.0,-1
AR0468,C015,2025-01-15,187082,-1.0,-1.0,0.0,1.0,-2
AR0279,C015,2025-02-16,247526,-1.5,-1.5,0.7071067811865476,2.0,-2
AR0370,C015,2025-02-25,203560,-1.6666666666666667,-2.0,0.5773502691896257,3.0,2
AR0125,C015,2025-04-01,441585,-0.75,-1.5,1.8929694486000912,4.0,2
AR0119,C015,2025-04-12,97255,-0.2,-1.0,2.04939015319192,5.0,-2
AR0698,C015,2025-06-03,540037,-0.5,-1.5,1.9748417658131499,6.0,-1
AR0407,C015,2025-06-20,492754,-0.5714285714285714,-1.0,1.8126539343499315,7.0,-1
AR0137,C015,2025-07-16,383829,-0.625,-1.0,1.685018016012207,8.0,-1
AR0390,C015,2025-07-22,334218,-0.6666666666666666,-1.0,1.5811388300841898,9.0,-2
AR0190,C015,2025-07-27,382695,-0.8,-1.0,1.5491933384829668,10.0,-1
AR0266,C015,2025-07-30,42883,-0.8181818181818182,-1.0,1.4709304414677002,11.0,0
AR0358,C015,2025-07-31,197697,-0.75,-1.0,1.4222261679238197,12.0,1
AR0455,C015,2025-10-01,189010,-0.6153846153846154,-1.0,1.4455945454184551,13.0,0
AR0687,C015,2025-10-04,174084,-0.5714285714285714,-1.0,1.3985864135061359,14.0,-2
AR0301,C015,2025-11-22,155587,-0.6666666666666666,-1.0,1.3972762620115438,15.0,2
AR0686,C016,2025-01-23,230902,5.768571428571429,5.768571428571429,0.0,0.0,5
AR0411,C016,2025-02-22,96778,5.0,5.0,0.0,1.0,4
AR0520,C016,2025-02-28,33586,4.5,4.5,0.7071067811865476,2.0,3
AR0480,C016,2025-03-15,198616,4.0,4.0,1.0,3.0,5
AR0218,C016,2025-03-30,355812,4.25,4.5,0.9574271077563381,4.0,2
AR0159,C016,2025-04-13,459997,3.8,4.0,1.3038404810405297,5.0,2
AR0570,C016,2025-04-21,325840,3.5,3.5,1.378404875209022,6.0,4
AR0028,C016,2025-04-26,53568,3.5714285714285716,4.0,1.2724180205607034,7.0,4
AR0620,C016,2025-05-05,46615,3.625,4.0,1.1877349391654208,8.0,3
AR0062,C016,2025-05-16,227505,3.5555555555555554,4.0,1.130388330520878,9.0,3
AR0135,C016,2025-05-20,196080,3.5,3.5,1.0801234497346435,10.0,4
AR0690,C016,2025-06-04,551322,3.5454545454545454,4.0,1.0357254813546264,11.0,3
AR0068,C016,2025-07-09,169415,3.5,3.5,1.0,12.0,3
AR0467,C016,2025-07-17,62784,3.4615384615384617,3.0,0.9674179220468452,13.0,4
AR0181,C016,2025-08-26,318765,3.5,3.5,0.9405399431259602,14.0,5
AR0036,C016,2025-08-31,443360,3.6,4.0,0.9856107606091623,15.0,5
AR0496,C017,2025-01-19,414941,5.768571428571429,5.768571428571429,0.0,0.0,7
AR0343,C017,2025-01-27,86457,7.0,7.0,0.0,1.0,21
AR0195,C017,2025-04-29,83258,14.0,14.0,9.899494936611665,2.0,7
AR0244,C017,2025-06-15,92892,11.666666666666666,7.0,8.082903768654761,3.0,20
AR0184,C017,2025-06-24,191614,13.75,13.5,7.804912982645397,4.0,12
AR0223,C017,2025-11-17,427984,13.4,12.0,6.8044103344816,5.0,7
AR0217,C017,2025-12-05,81334,12.333333333333334,9.5,6.623191577077222,6.0,5
AR0290,C017,2025-12-08,32403,11.285714285714286,7.0,6.651172470932869,7.0,24
AR0302,C017,2025-12-14,540982,12.875,9.5,7.623975340988453,8.0,3
AR0298,C018,2025-01-05,316709,5.768571428571429,5.768571428571429,0.0,0.0,2
AR0339,C018,2025-03-16,101375,2.0,2.0,0.0,1.0,4
AR0237,C018,2025-04-03,326881,3.0,3.0,1.4142135623730951,2.0,5
AR0333,C018,2025-04-08,84046,3.6666666666666665,4.0,1.5275252316519468,3.0,5
AR0179,C018,2025-06-15,536523,4.0,4.5,1.4142135623730951,4.0,3
AR0155,C018,2025-08-04,152262,3.8,4.0,1.3038404810405297,5.0,2
AR0134,C018,2025-08-14,60623,3.5,3.5,1.378404875209022,6.0,4
AR0463,C018,2025-08-19,494641,3.5714285714285716,4.0,1.2724180205607034,7.0,3
AR0563,C018,2025-08-19,149980,3.5,3.5,1.1952286093343936,8.0,3
AR0608,C018,2025-10-13,229448,3.4444444444444446,3.0,1.130388330520878,9.0,3
AR0615,C019,2025-02-10,201594,5.768571428571429,5.768571428571429,0.0,0.0,23
AR0401,C019,2025-02-28,232353,23.0,23.0,0.0,1.0,-4
AR0612,C019,2025-03-04,368767,9.5,9.5,19.091883092036785,2.0,29
AR0052,C019,2025-04-22,50662,16.0,23.0,17.578395831246947,3.0,29
AR0436,C019,2025-05-10,399444,19.25,26.0,15.75595125658873,4.0,4
AR0261,C019,2025-06-02,527939,16.2,23.0,15.254507530562892,5.0,26
AR0393,C019,2025-06-17,95341,17.833333333333332,24.5,14.218532507494107,6.0,-5
AR0310,C019,2025-06-23,507896,14.571428571428571,23.0,15.586929811620406,7.0,2
AR0497,C019,2025-07-02,472008,13.0,13.5,15.099668870541498,8.0,-2
AR0283,C019,2025-07-03,216524,11.333333333333334,4.0,14.983324063771697,9.0,22
AR0050,C019,2025-08-05,385214,12.4,13.0,14.523544103741804,10.0,30
AR0013,C019,2025-08-11,102920,14.0,22.0,14.7648230602334,11.0,24
AR0573,C019,2025-10-02,31573,14.833333333333334,22.5,14.37063504216677,12.0,1
AR0639,C019,2025-10-18,485654,13.76923076923077,22.0,14.283754444320337,13.0,7
AR0074,C019,2025-11-06,169559,13.285714285714286,14.5,13.842123955679474,14.0,16
AR0242,C019,2025-12-06,298937,13.466666666666667,16.0,13.357002800386162,15.0,30
AR0291,C019,2025-12-13,398546,14.5,19.0,13.549907748763458,16.0,5
AR0210,C020,2025-02-13,150123,5.768571428571429,5.768571428571429,0.0,0.0,9
AR0649,C020,2025-03-23,267438,9.0,9.0,0.0,1.0,12
AR0444,C020,2025-04-03,132298,10.5,10.5,2.1213203435596424,2.0,13
AR0020,C020,2025-05-03,50369,11.333333333333334,12.0,2.0816659994661326,3.0,11
AR0692,C020,2025-05-21,51959,11.25,11.5,1.707825127659933,4.0,10
AR0113,C020,2025-05-27,130196,11.0,11.0,1.5811388300841895,5.0,14
AR0609,C020,2025-05-28,389571,11.5,11.5,1.8708286933869707,6.0,11
AR0112,C020,2025-07-27,307276,11.428571428571429,11.0,1.7182493859684491,7.0,8
AR0304,C020,2025-08-14,37492,11.0,11.0,2.0,8.0,13
AR0556,C020,2025-08-21,58258,11.222222222222221,11.0,1.986062547968831,9.0,8
AR0440,C020,2025-10-14,282734,10.9,11.0,2.131770260709264,10.0,13
AR0214,C020,2025-10-29,318279,11.090909090909092,11.0,2.119176512447486,11.0,12
AR0227,C020,2025-11-01,536469,11.166666666666666,11.5,2.0375267241229382,12.0,12
AR0191,C020,2025-12-06,422372,11.23076923076923,12.0,1.9644272343292228,13.0,13
AR0593,C020,2025-12-19,454886,11.357142857142858,12.0,1.9456912102680337,14.0,8
AR0064,C021,2025-02-07,24883,5.768571428571429,5.768571428571429,0.0,0.0,1
AR0505,C021,2025-02-22,61979,1.0,1.0,0.0,1.0,0
AR0196,C021,2025-03-03,470905,0.5,0.5,0.7071067811865476,2.0,2
AR0402,C021,2025-03-29,506141,1.0,1.0,1.0,3.0,2
AR0605,C021,2025-03-30,300145,1.25,1.5,0.9574271077563381,4.0,2
AR0562,C021,2025-05-04,264565,1.4,2.0,0.8944271909999159,5.0,-2
AR0154,C021,2025-06-22,481968,0.8333333333333334,1.5,1.602081978759722,6.0,1
AR0306,C021,2025-08-01,112085,0.8571428571428571,1.0,1.4638501094227998,7.0,-1
AR0360,C021,2025-08-07,183852,0.625,1.0,1.5059406173077154,8.0,0
AR0399,C021,2025-10-22,318588,0.5555555555555556,1.0,1.4240006242195884,9.0,2
AR0566,C021,2025-10-23,517501,0.7,1.0,1.4181364924121764,10.0,0
AR0427,C021,2025-11-06,350175,0.6363636363636364,1.0,1.3618169680781094,11.0,2
AR0319,C021,2025-11-09,176878,0.75,1.0,1.3568010505999362,12.0,-2
AR0587,C021,2025-11-10,243101,0.5384615384615384,1.0,1.5063966175050874,13.0,-1
AR0417,C021,2025-11-18,241471,0.42857142857142855,0.5,1.5045717874984441,14.0,-1
AR0182,C022,2025-01-15,279158,5.768571428571429,5.768571428571429,0.0,0.0,4
AR0437,C022,2025-02-11,325523,4.0,4.0,0.0,1.0,3
AR0429,C022,2025-02-13,284528,3.5,3.5,0.7071067811865476,2.0,3
AR0338,C022,2025-03-17,498497,3.3333333333333335,3.0,0.5773502691896258,3.0,2
AR0501,C022,2025-04-06,280153,3.0,3.0,0.816496580927726,4.0,5
AR0376,C022,2025-06-29,26681,3.4,3.0,1.140175425099138,5.0,3
AR0241,C022,2025-07-30,383684,3.3333333333333335,3.0,1.0327955589886444,6.0,5
AR0260,C022,2025-09-17,184086,3.5714285714285716,3.0,1.1338934190276817,7.0,2
AR0606,C022,2025-10-07,267472,3.375,3.0,1.1877349391654208,8.0,4
AR0582,C022,2025-10-13,275187,3.4444444444444446,3.0,1.130388330520878,9.0,3
AR0274,C022,2025-11-16,498128,3.4,3.0,1.0749676997731399,10.0,5
AR0490,C022,2025-11-26,145336,3.5454545454545454,3.0,1.1281521496355322,11.0,5
AR0486,C023,2025-02-04,200775,5.768571428571429,5.768571428571429,0.0,0.0,10
AR0368,C023,2025-02-23,322995,10.0,10.0,0.0,1.0,27
AR0539,C023,2025-03-07,552348,18.5,18.5,12.020815280171307,2.0,30
AR0681,C023,2025-03-21,189196,22.333333333333332,27.0,10.785793124908958,3.0,7
AR0093,C023,2025-06-06,517726,18.5,18.5,11.67618659209133,4.0,9
AR0438,C023,2025-06-08,418555,16.6,10.0,10.96813566655701,5.0,20
AR0263,C023,2025-06-20,355767,17.166666666666668,15.0,9.9079092984679,6.0,29
AR0239,C023,2025-07-29,194749,18.857142857142858,20.0,10.090070555230216,7.0,15
AR0038,C023,2025-08-05,235535,18.375,17.5,9.440603794249602,8.0,24
AR0387,C023,2025-08-09,78138,19.0,20.0,9.027735042633894,9.0,13
AR0508,C023,2025-08-17,42206,18.4,17.5,8.720346578229815,10.0,17
AR0544,C023,2025-09-23,562577,18.272727272727273,17.0,8.283609226549851,11.0,13
AR0410,C023,2025-11-27,581508,17.833333333333332,16.0,8.043442652059483,12.0,4
AR0576,C024,2025-01-24,230020,5.768571428571429,5.768571428571429,0.0,0.0,8
AR0313,C024,2025-02-16,434545,8.0,8.0,0.0,1.0,14
AR0371,C024,2025-02-28,419824,11.0,11.0,4.242640687119285,2.0,12
AR0361,C024,2025-03-20,437105,11.333333333333334,12.0,3.055050463303893,3.0,15
AR0200,C024,2025-04-02,178475,12.25,13.0,3.0956959368344514,4.0,8
AR0485,C024,2025-05-10,411809,11.4,12.0,3.2863353450309964,5.0,8
AR0381,C024,2025-06-09,458072,10.833333333333334,10.0,3.2506409624359724,6.0,13
AR0517,C024,2025-07-10,252752,11.142857142857142,12.0,3.078342163598854,7.0,9
AR0673,C024,2025-07-15,255162,10.875,10.5,2.948970764763288,8.0,14
AR0515,C024,2025-07-16,317399,11.222222222222221,12.0,2.948634335492355,9.0,8
AR0105,C024,2025-08-09,56686,10.9,10.5,2.960855732160327,10.0,13
AR0499,C024,2025-08-12,486347,11.090909090909092,12.0,2.879393875611513,11.0,14
AR0533,C024,2025-08-28,441350,11.333333333333334,12.5,2.870962250261093,12.0,10
AR0530,C024,2025-09-18,158202,11.23076923076923,12.0,2.7735009811261455,13.0,9
AR0511,C024,2025-09-20,506005,11.071428571428571,11.0,2.730575755412026,14.0,10
AR0502,C024,2025-09-23,183813,11.0,10.0,2.6457513110645903,15.0,9
AR0651,C024,2025-11-11,176524,10.875,10.0,2.6044833140823407,16.0,11
AR0174,C024,2025-11-22,633674,10.882352941176471,10.0,2.521962354526145,17.0,15
AR0453,C024,2025-12-13,516451,11.11111111111111,10.5,2.6321292854195817,18.0,11
AR0674,C025,2025-02-11,377947,5.768571428571429,5.768571428571429,0.0,0.0,10
AR0450,C025,2025-03-20,120823,10.0,10.0,0.0,1.0,10
AR0680,C025,2025-04-28,149767,10.0,10.0,0.0,2.0,15
AR0049,C025,2025-05-16,431078,11.666666666666666,10.0,2.886751345948129,3.0,15
AR0153,C025,2025-06-17,150615,12.5,12.5,2.886751345948129,4.0,15
AR0613,C025,2025-07-22,449065,13.0,15.0,2.738612787525831,5.0,13
AR0433,C025,2025-07-29,426042,13.0,14.0,2.4494897427831783,6.0,13
AR0213,C025,2025-08-19,496317,13.0,13.0,2.23606797749979,7.0,15
AR0264,C025,2025-08-22,188704,13.25,14.0,2.1876275473019366,8.0,11
AR0484,C025,2025-08-29,42824,13.0,13.0,2.179449471770337,9.0,14
AR0395,C025,2025-09-30,447264,13.1,13.5,2.0789954839350235,10.0,11
AR0102,C025,2025-10-23,155552,12.909090909090908,13.0,2.0714509627092528,11.0,12
AR0141,C025,2025-10-27,500050,12.833333333333334,13.0,1.992409839791244,12.0,8
AR0354,C025,2025-11-02,387613,12.461538461538462,13.0,2.331501112137293,13.0,12
AR0287,C025,2025-11-14,491606,12.428571428571429,12.5,2.2434275189912047,14.0,11
AR0268,C025,2025-12-06,566074,12.333333333333334,12.0,2.193062655175134,15.0,10
AR0123,C026,2025-05-05,97369,5.768571428571429,5.768571428571429,0.0,0.0,2
AR0406,C026,2025-06-08,472668,2.0,2.0,0.0,1.0,4
AR0519,C026,2025-06-10,414639,3.0,3.0,1.4142135623730951,2.0,4
AR0095,C026,2025-06-18,190978,3.3333333333333335,4.0,1.1547005383792515,3.0,2
AR0359,C026,2025-08-01,402527,3.0,3.0,1.1547005383792515,4.0,2
AR0535,C026,2025-09-03,339957,2.8,2.0,1.0954451150103321,5.0,5
AR0150,C026,2025-10-31,410673,3.1666666666666665,3.0,1.3291601358251257,6.0,2
AR0588,C026,2025-11-12,529900,3.0,2.0,1.2909944487358056,7.0,4
AR0642,C026,2025-12-09,91011,3.125,3.0,1.246423454758225,8.0,3
AR0097,C026,2025-12-14,601017,3.111111111111111,3.0,1.1666666666666667,9.0,4
AR0400,C026,2025-12-30,462303,3.2,3.5,1.1352924243950933,10.0,5
AR0246,C027,2025-01-28,118347,5.768571428571429,5.768571428571429,0.0,0.0,4
AR0140,C027,2025-02-01,128440,4.0,4.0,0.0,1.0,5
AR0696,C027,2025-03-18,203811,4.5,4.5,0.7071067811865476,2.0,5
AR0600,C027,2025-03-19,271986,4.666666666666667,5.0,0.5773502691896257,3.0,3
AR0386,C027,2025-05-20,133020,4.25,4.5,0.9574271077563382,4.0,2
AR0139,C027,2025-06-19,350156,3.8,4.0,1.3038404810405297,5.0,5
AR0622,C027,2025-06-19,455517,4.0,4.5,1.2649110640673518,6.0,5
AR0366,C027,2025-07-01,478021,4.142857142857143,5.0,1.2149857925879117,7.0,5
AR0380,C027,2025-08-21,198727,4.25,5.0,1.164964745021435,8.0,3
AR0256,C027,2025-09-05,307715,4.111111111111111,5.0,1.1666666666666667,9.0,3
AR0173,C027,2025-09-08,86631,4.0,4.5,1.1547005383792515,10.0,5
AR0601,C027,2025-09-14,490254,4.090909090909091,5.0,1.1361818036340359,11.0,5
AR0144,C027,2025-10-03,535486,4.166666666666667,5.0,1.1146408580454255,12.0,3
AR0700,C027,2025-10-13,387228,4.076923076923077,5.0,1.1151635501529558,13.0,3
AR0398,C028,2025-01-10,261043,5.768571428571429,5.768571428571429,0.0,0.0,9
AR0464,C028,2025-02-16,497366,9.0,9.0,0.0,1.0,11
AR0404,C028,2025-02-24,147567,10.0,10.0,1.4142135623730951,2.0,14
AR0224,C028,2025-02-28,305507,11.333333333333334,11.0,2.516611478423583,3.0,11
AR0574,C028,2025-03-10,555059,11.25,11.0,2.06155281280883,4.0,12
AR0025,C028,2025-04-19,302746,11.4,11.0,1.8165902124584947,5.0,11
AR0541,C028,2025-09-15,572096,11.333333333333334,11.0,1.6329931618554518,6.0,8
AR0641,C028,2025-09-21,220717,10.857142857142858,11.0,1.9518001458970664,7.0,9
AR0193,C028,2025-10-09,251457,10.625,11.0,1.9226098333849673,8.0,13
AR0171,C028,2025-12-05,278570,10.88888888888889,11.0,1.964971020425266,9.0,9
AR0189,C029,2025-01-09,68786,5.768571428571429,5.768571428571429,0.0,0.0,0
AR0418,C029,2025-02-04,265849,0.0,0.0,0.0,1.0,1
AR0271,C029,2025-02-21,295749,0.5,0.5,0.7071067811865476,2.0,1
AR0228,C029,2025-03-05,305591,0.6666666666666666,1.0,0.5773502691896258,3.0,0
AR0281,C029,2025-03-27,441434,0.5,0.5,0.5773502691896257,4.0,0
AR0330,C029,2025-05-01,468502,0.4,0.0,0.5477225575051661,5.0,0
AR0645,C029,2025-05-17,192818,0.3333333333333333,0.0,0.5163977794943222,6.0,0
AR0465,C029,2025-06-28,39079,0.2857142857142857,0.0,0.4879500364742666,7.0,1
AR0538,C029,2025-08-27,376572,0.375,0.0,0.5175491695067657,8.0,2
AR0027,C029,2025-09-22,295214,0.5555555555555556,0.0,0.7264831572567789,9.0,-2
AR0431,C029,2025-09-26,338180,0.3,0.0,1.0593499054713802,10.0,2
AR0069,C029,2025-10-06,505514,0.45454545454545453,0.0,1.1281521496355322,11.0,0
AR0426,C029,2025-10-20,470275,0.4166666666666667,0.0,1.0836246694508316,12.0,-1
AR0685,C029,2025-11-03,484032,0.3076923076923077,0.0,1.109400392450458,13.0,-2
AR0454,C029,2025-11-09,220199,0.14285714285714285,0.0,1.2314558524297639,14.0,1
AR0472,C029,2025-11-12,29578,0.2,0.0,1.2071217242444348,15.0,-2
AR0126,C030,2025-01-26,312241,5.768571428571429,5.768571428571429,0.0,0.0,-1
AR0699,C030,2025-01-30,314852,-1.0,-1.0,0.0,1.0,1
AR0311,C030,2025-02-08,93797,0.0,0.0,1.4142135623730951,2.0,-1
AR0664,C030,2025-03-09,332452,-0.3333333333333333,-1.0,1.1547005383792517,3.0,1
AR0152,C030,2025-04-04,46363,0.0,0.0,1.1547005383792515,4.0,0
AR0558,C030,2025-04-15,198358,0.0,0.0,1.0,5.0,2
AR0457,C030,2025-05-25,427961,0.3333333333333333,0.5,1.2110601416389968,6.0,1
AR0294,C030,2025-06-04,143114,0.42857142857142855,1.0,1.1338934190276817,7.0,1
AR0315,C030,2025-07-08,372755,0.5,1.0,1.0690449676496976,8.0,0
AR0121,C030,2025-08-01,484590,0.4444444444444444,1.0,1.0137937550497034,9.0,2
AR0178,C030,2025-08-12,452922,0.6,1.0,1.07496769977314,10.0,2
AR0115,C030,2025-08-15,251819,0.7272727272727273,1.0,1.1037127426019047,11.0,-1
AR0355,C030,2025-09-16,388030,0.5833333333333334,1.0,1.164500152881315,12.0,1
AR0257,C030,2025-10-10,124584,0.6153846153846154,1.0,1.1208970766356101,13.0,1
AR0665,C030,2025-10-16,65351,0.6428571428571429,1.0,1.0818177620697815,14.0,2
AR0425,C030,2025-10-25,403807,0.7333333333333333,1.0,1.0997835284835873,15.0,-2
AR0289,C030,2025-11-23,199104,0.5625,1.0,1.2632629707758134,16.0,1
AR0349,C030,2025-11-26,47230,0.5882352941176471,1.0,1.227743027337753,17.0,-2
AR0666,C030,2025-12-11,575972,0.4444444444444444,1.0,1.3382263161373769,18.0,0
AR0403,C030,2025-12-20,272629,0.42105263157894735,1.0,1.304513083861144,19.0,-2
AR0162,C030,2025-12-25,200648,0.3,1.0,1.3803127029389886,20.0,0
AR0591,C031,2025-01-09,213125,5.768571428571429,5.768571428571429,0.0,0.0,16
AR0156,C031,2025-01-10,412704,16.0,16.0,0.0,1.0,29
AR0671,C031,2025-01-17,170518,22.5,22.5,9.192388155425117,2.0,21
AR0295,C031,2025-02-24,144364,22.0,21.0,6.557438524302,3.0,19
AR0456,C031,2025-04-10,212854,21.25,20.0,5.560275772537426,4.0,23
AR0092,C031,2025-04-24,124633,21.6,21.0,4.878524367060187,5.0,24
AR0555,C031,2025-05-06,441888,22.0,22.0,4.47213595499958,6.0,20
AR0611,C031,2025-06-28,360934,21.714285714285715,21.0,4.15187851918806,7.0,12
AR0350,C031,2025-07-25,243490,20.5,20.5,5.154748157905347,8.0,1
AR0345,C031,2025-08-18,427904,18.333333333333332,20.0,8.093207028119323,9.0,18
AR0205,C031,2025-09-03,288571,18.3,19.5,7.631076813486635,10.0,16
AR0236,C031,2025-09-23,415814,18.09090909090909,19.0,7.272613635475838,11.0,23
AR0192,C031,2025-10-11,387861,18.5,19.5,7.077493136055244,12.0,17
AR0161,C031,2025-12-09,103964,18.384615384615383,19.0,6.788942744621108,13.0,8
AR0019,C032,2025-01-10,78650,5.768571428571429,5.768571428571429,0.0,0.0,0
AR0146,C032,2025-01-15,223873,0.0,0.0,0.0,1.0,0
AR0269,C032,2025-01-19,86189,0.0,0.0,0.0,2.0,2
AR0145,C032,2025-04-23,163096,0.6666666666666666,0.0,1.1547005383792517,3.0,1
AR0255,C032,2025-05-30,286795,0.75,0.5,0.9574271077563382,4.0,0
AR0568,C032,2025-06-07,322879,0.6,0.0,0.8944271909999159,5.0,-2
AR0394,C032,2025-08-09,112114,0.16666666666666666,0.0,1.3291601358251257,6.0,-1
AR0047,C032,2025-09-04,151874,0.0,0.0,1.2909944487358054,7.0,1
AR0521,C032,2025-09-23,256325,0.125,0.0,1.2464234547582247,8.0,2
AR0187,C032,2025-10-12,542744,0.3333333333333333,0.0,1.3228756555322951,9.0,-1
AR0288,C032,2025-10-26,123544,0.2,0.0,1.3165611772087666,10.0,-1
AR0351,C032,2025-12-31,646028,0.09090909090909091,0.0,1.300349603340998,11.0,1
AR0245,C033,2025-01-01,364803,5.768571428571429,5.768571428571429,0.0,0.0,15
AR0584,C033,2025-01-21,43752,15.0,15.0,0.0,1.0,8
AR0015,C033,2025-02-24,476402,11.5,11.5,4.949747468305833,2.0,12
AR0347,C033,2025-04-24,342493,11.666666666666666,12.0,3.5118845842842465,3.0,8
AR0443,C033,2025-07-05,29558,10.75,10.0,3.4034296427770228,4.0,13
AR0495,C033,2025-07-23,447507,11.2,12.0,3.1144823004794877,5.0,15
AR0663,C033,2025-08-17,443987,11.833333333333334,12.5,3.188521078284832,6.0,8
AR0579,C033,2025-08-19,420767,11.285714285714286,12.0,3.251373336211726,7.0,12
AR0116,C033,2025-08-31,436145,11.375,12.0,3.020761493398643,8.0,10
AR0076,C033,2025-09-08,174407,11.222222222222221,12.0,2.8625940062196116,9.0,8
AR0458,C033,2025-09-28,275422,10.9,11.0,2.884826203122507,10.0,10
AR0396,C033,2025-10-14,593992,10.818181818181818,10.0,2.7502066038093145,11.0,13
AR0346,C033,2025-10-31,100327,11.0,11.0,2.696799449852968,12.0,15
AR0172,C033,2025-11-28,258573,11.307692307692308,12.0,2.8102376941169758,13.0,8
AR0344,C034,2025-02-28,410943,5.768571428571429,5.768571428571429,0.0,0.0,9
AR0603,C034,2025-04-17,314066,9.0,9.0,0.0,1.0,13
AR0695,C034,2025-06-13,442825,11.0,11.0,2.8284271247461903,2.0,14
AR0483,C034,2025-07-04,55483,12.0,13.0,2.6457513110645907,3.0,8
AR0661,C034,2025-08-15,80943,11.0,11.0,2.943920288775949,4.0,11
AR0657,C034,2025-08-17,296914,11.0,11.0,2.5495097567963922,5.0,13
AR0586,C034,2025-08-22,98087,11.333333333333334,12.0,2.422120283277993,6.0,10
AR0308,C034,2025-09-14,573769,11.142857142857142,11.0,2.2677868380553634,7.0,12
AR0409,C034,2025-09-19,139910,11.25,11.5,2.1213203435596424,8.0,13
AR0104,C034,2025-10-03,494143,11.444444444444445,12.0,2.068278940998476,9.0,11
AR0389,C034,2025-12-08,236210,11.4,11.5,1.955050439815357,10.0,8
AR0082,C035,2025-01-19,457568,5.768571428571429,5.768571428571429,0.0,0.0,13
AR0670,C035,2025-01-31,488828,13.0,13.0,0.0,1.0,9
AR0136,C035,2025-02-11,92547,11.0,11.0,2.8284271247461903,2.0,10
AR0660,C035,2025-03-18,122203,10.666666666666666,10.0,2.0816659994661326,3.0,13
AR0066,C035,2025-04-20,285229,11.25,11.5,2.0615528128088303,4.0,12
AR0003,C035,2025-05-15,411650,11.4,12.0,1.816590212458495,5.0,14
AR0676,C035,2025-07-21,297265,11.833333333333334,12.5,1.9407902170679514,6.0,10
AR0042,C035,2025-08-18,93495,11.571428571428571,12.0,1.9023794624226835,7.0,14
AR0590,C035,2025-09-08,450320,11.875,12.5,1.9594095320493143,8.0,12
AR0230,C035,2025-09-10,286937,11.88888888888889,12.0,1.833333333333333,9.0,9
AR0018,C035,2025-09-29,23343,11.6,12.0,1.955050439815357,10.0,13
AR0010,C036,2025-01-06,376664,5.768571428571429,5.768571428571429,0.0,0.0,-2
AR0185,C036,2025-01-06,290861,-2.0,-2.0,0.0,1.0,-1
AR0461,C036,2025-02-22,392978,-1.5,-1.5,0.7071067811865476,2.0,2
AR0249,C036,2025-03-09,196661,-0.3333333333333333,-1.0,2.0816659994661326,3.0,1
AR0578,C036,2025-05-28,58551,0.0,0.0,1.8257418583505538,4.0,1
AR0365,C036,2025-06-18,426970,0.2,1.0,1.6431676725154984,5.0,-2
AR0253,C036,2025-07-28,68868,-0.16666666666666666,0.0,1.7224014243685086,6.0,-1
AR0211,C036,2025-08-02,337885,-0.2857142857142857,-1.0,1.6035674514745464,7.0,2
AR0130,C036,2025-08-17,490395,0.0,0.0,1.6903085094570331,8.0,-1
AR0659,C036,2025-09-16,144886,-0.1111111111111111,-1.0,1.6158932858054431,9.0,2
AR0528,C036,2025-10-05,223902,0.1,0.0,1.66332999331662,10.0,0
AR0474,C036,2025-11-08,385715,0.09090909090909091,0.0,1.5782614139961386,11.0,1
AR0373,C036,2025-11-15,444195,0.16666666666666666,0.5,1.5275252316519465,12.0,2
AR0618,C036,2025-12-23,211129,0.3076923076923077,1.0,1.5483655567842813,13.0,-1
AR0080,C036,2025-12-28,317500,0.21428571428571427,0.5,1.5281246137553164,14.0,2
AR0235,C037,2025-01-21,420088,5.768571428571429,5.768571428571429,0.0,0.0,6
AR0170,C037,2025-01-22,202034,6.0,6.0,0.0,1.0,29
AR0550,C037,2025-01-22,452661,17.5,17.5,16.263455967290593,2.0,-4
AR0021,C037,2025-02-10,64907,10.333333333333334,6.0,16.921386861996073,3.0,26
AR0518,C037,2025-03-12,342227,14.25,16.0,15.88238017426859,4.0,18
AR0336,C037,2025-04-16,55971,15.0,18.0,13.856406460551018,5.0,30
AR0372,C037,2025-04-26,443216,17.5,22.0,13.82389236069205,6.0,22
AR0058,C037,2025-05-07,323520,18.142857142857142,22.0,12.733532783279632,7.0,-3
AR0296,C037,2025-07-03,321366,15.5,20.0,13.959124000349838,8.0,13
AR0482,C037,2025-08-02,118206,15.222222222222221,18.0,13.08412948745328,9.0,0
AR0060,C037,2025-09-25,213748,13.7,15.5,13.241768931847606,10.0,11
AR0577,C037,2025-10-15,158671,13.454545454545455,13.0,12.588595127047627,11.0,18
AR0215,C037,2025-11-14,67051,13.833333333333334,15.5,12.0742651448392,12.0,1
AR0285,C037,2025-12-16,566160,12.846153846153847,13.0,12.09577167061665,13.0,6
AR0234,C038,2025-01-11,420954,5.768571428571429,5.768571428571429,0.0,0.0,0
AR0165,C038,2025-01-14,183555,0.0,0.0,0.0,1.0,2
AR0420,C038,2025-01-29,204519,1.0,1.0,1.4142135623730951,2.0,2
AR0326,C038,2025-03-21,556842,1.3333333333333333,2.0,1.1547005383792517,3.0,1
AR0030,C038,2025-04-23,23770,1.25,1.5,0.9574271077563382,4.0,-2
AR0342,C038,2025-06-15,32513,0.6,1.0,1.6733200530681511,5.0,-1
AR0270,C038,2025-06-19,547368,0.3333333333333333,0.5,1.632993161855452,6.0,-2
AR0589,C038,2025-06-22,328875,0.0,0.0,1.7320508075688772,7.0,2
AR0316,C038,2025-07-15,451183,0.25,0.5,1.7525491637693282,8.0,0
AR0004,C038,2025-07-24,209790,0.2222222222222222,0.0,1.6414763002993509,9.0,-1
AR0405,C038,2025-07-25,294707,0.1,0.0,1.5951314818673865,10.0,-2
AR0054,C038,2025-09-02,326183,-0.09090909090909091,0.0,1.6403990645294488,11.0,2
AR0083,C038,2025-10-10,126935,0.08333333333333333,0.0,1.6764862244009227,12.0,1
AR0646,C038,2025-10-21,33793,0.15384615384615385,0.0,1.6251232694862383,13.0,0
AR0548,C038,2025-10-25,131094,0.14285714285714285,0.0,1.561909228976012,14.0,-1
AR0114,C038,2025-11-07,472230,0.06666666666666667,0.0,1.533747356112131,15.0,0
AR0231,C039,2025-01-21,486313,5.768571428571429,5.768571428571429,0.0,0.0,22
AR0008,C039,2025-02-02,221728,22.0,22.0,0.0,1.0,19
AR0516,C039,2025-03-20,432427,20.5,20.5,2.1213203435596424,2.0,23
AR0504,C039,2025-04-03,305985,21.333333333333332,22.0,2.081665999466133,3.0,13
AR0507,C039,2025-08-07,107369,19.25,20.5,4.5,4.0,23
AR0009,C039,2025-08-28,297408,20.0,22.0,4.242640687119285,5.0,11
AR0594,C039,2025-08-31,159214,18.5,20.5,5.282045058497703,6.0,9
AR0299,C039,2025-09-12,525144,17.142857142857142,19.0,6.011892975000232,7.0,13
AR0572,C039,2025-12-01,484372,16.625,16.0,5.755432216610669,8.0,25
AR0683,C040,2025-01-09,146178,5.768571428571429,5.768571428571429,0.0,0.0,-1
AR0278,C040,2025-02-05,143087,-1.0,-1.0,0.0,1.0,0
AR0059,C040,2025-02-11,239794,-0.5,-0.5,0.7071067811865476,2.0,2
AR0534,C040,2025-02-14,54470,0.3333333333333333,0.0,1.5275252316519465,3.0,0
AR0160,C040,2025-03-20,166825,0.25,0.0,1.2583057392117916,4.0,-1
AR0087,C040,2025-03-21,165735,0.0,0.0,1.224744871391589,5.0,-1
AR0212,C040,2025-04-26,426686,-0.16666666666666666,-0.5,1.169045194450012,6.0,2
AR0106,C040,2025-06-10,422976,0.14285714285714285,0.0,1.3451854182690985,7.0,-2
AR0328,C040,2025-07-28,166664,-0.125,-0.5,1.4577379737113252,8.0,-2
AR0565,C040,2025-08-03,150165,-0.3333333333333333,-1.0,1.5,9.0,-1
AR0509,C040,2025-08-11,163946,-0.4,-1.0,1.429840705968481,10.0,-2
AR0607,C040,2025-09-05,138921,-0.5454545454545454,-1.0,1.4396969378057567,11.0,-1
AR0247,C040,2025-09-13,400078,-0.5833333333333334,-1.0,1.378954368902449,12.0,1
AR0177,C040,2025-10-03,553975,-0.46153846153846156,-1.0,1.3913653136029502,13.0,1
AR0065,C040,2025-10-16,94143,-0.35714285714285715,-1.0,1.3926810257774174,14.0,-2
AR0424,C040,2025-11-01,371603,-0.4666666666666667,-1.0,1.4074631010979937,15.0,1
AR0553,C040,2025-11-24,46641,-0.375,-1.0,1.408308678285174,16.0,1
AR0070,C040,2025-12-01,386512,-0.29411764705882354,-1.0,1.403776419268438,17.0,-2
AR0580,C040,2025-12-15,442470,-0.3888888888888889,-1.0,1.4199788270537859,18.0,-2
AR0303,C041,2025-02-19,493643,5.768571428571429,5.768571428571429,0.0,0.0,8
AR0621,C041,2025-04-30,47520,8.0,8.0,0.0,1.0,9
AR0079,C041,2025-05-15,104715,8.5,8.5,0.7071067811865476,2.0,15
AR0419,C041,2025-06-05,503131,10.666666666666666,9.0,3.785938897200183,3.0,12
AR0293,C041,2025-08-06,381923,11.0,10.5,3.1622776601683795,4.0,12
AR0320,C041,2025-08-26,496781,11.2,12.0,2.774887385102322,5.0,12
AR0277,C041,2025-09-07,548985,11.333333333333334,12.0,2.5033311140691454,6.0,8
AR0238,C041,2025-09-09,78012,10.857142857142858,12.0,2.6095064302514777,7.0,15
AR0016,C041,2025-09-17,390166,11.375,12.0,2.825268634509444,8.0,11
AR0554,C041,2025-10-07,223432,11.333333333333334,12.0,2.6457513110645907,9.0,12
AR0540,C041,2025-10-28,150021,11.4,12.0,2.5033311140691454,10.0,10
AR0251,C041,2025-11-08,570791,11.272727272727273,12.0,2.412090756622109,11.0,11
AR0477,C041,2025-11-15,337556,11.25,11.5,2.301185465244935,12.0,9
AR0693,C041,2025-12-14,317168,11.076923076923077,11.0,2.2898885875932358,13.0,15
AR0627,C042,2025-01-31,496020,5.768571428571429,5.768571428571429,0.0,0.0,9
AR0275,C042,2025-02-11,466570,9.0,9.0,0.0,1.0,13
AR0327,C042,2025-02-20,457095,11.0,11.0,2.8284271247461903,2.0,15
AR0225,C042,2025-03-18,570709,12.333333333333334,13.0,3.055050463303893,3.0,12
AR0552,C042,2025-04-18,422107,12.25,12.5,2.5,4.0,14
AR0616,C042,2025-05-12,411820,12.6,13.0,2.3021728866442674,5.0,15
AR0498,C042,2025-06-19,187730,13.0,13.5,2.2803508501982757,6.0,9
AR0675,C042,2025-06-28,94526,12.428571428571429,13.0,2.5727509827123995,7.0,10
AR0332,C042,2025-07-03,51745,12.125,12.5,2.5319388392523,8.0,14
AR0647,C042,2025-07-04,383210,12.333333333333334,13.0,2.449489742783178,9.0,11
AR0321,C042,2025-07-29,81171,12.2,12.5,2.3475755815545343,10.0,10
AR0001,C042,2025-08-23,94905,12.0,12.0,2.32379000772445,11.0,12
AR0625,C042,2025-09-01,310868,12.0,12.0,2.215646837627989,12.0,11
AR0634,C042,2025-10-06,383360,11.923076923076923,12.0,2.1393744592574433,13.0,15
AR0628,C042,2025-10-21,184275,12.142857142857142,12.0,2.213842564659669,14.0,8
AR0117,C043,2025-02-13,168785,5.768571428571429,5.768571428571429,0.0,0.0,4
AR0086,C043,2025-02-22,205429,4.0,4.0,0.0,1.0,5
AR0240,C043,2025-02-23,469699,4.5,4.5,0.7071067811865476,2.0,3
AR0090,C043,2025-05-08,159883,4.0,4.0,1.0,3.0,3
AR0506,C043,2025-06-01,207795,3.75,3.5,0.9574271077563381,4.0,5
AR0527,C043,2025-06-27,450803,4.0,4.0,1.0,5.0,2
AR0108,C043,2025-07-29,191013,3.6666666666666665,3.5,1.2110601416389966,6.0,5
AR0385,C043,2025-08-06,274626,3.857142857142857,4.0,1.2149857925879117,7.0,5
AR0604,C043,2025-09-02,339826,4.0,4.5,1.1952286093343936,8.0,5
AR0034,C043,2025-09-06,152169,4.111111111111111,5.0,1.1666666666666667,9.0,3
AR0051,C043,2025-09-07,116331,4.0,4.5,1.1547005383792515,10.0,3
AR0691,C043,2025-09-24,156273,3.909090909090909,4.0,1.1361818036340359,11.0,5
AR0128,C043,2025-09-29,359992,4.0,4.5,1.1281521496355325,12.0,4
AR0071,C043,2025-10-11,230048,4.0,4.0,1.0801234497346435,13.0,2
AR0549,C043,2025-11-16,517164,3.857142857142857,4.0,1.167320591199077,14.0,4
AR0063,C043,2025-11-27,230469,3.8666666666666667,4.0,1.1254628677422753,15.0,5
AR0147,C043,2025-12-14,569992,3.9375,4.0,1.1236102527122116,16.0,5
AR0325,C043,2025-12-23,394180,4.0,4.0,1.118033988749895,17.0,5
AR0384,C044,2025-02-11,162660,5.768571428571429,5.768571428571429,0.0,0.0,1
AR0592,C044,2025-02-26,238387,1.0,1.0,0.0,1.0,2
AR0111,C044,2025-03-31,394113,1.5,1.5,0.7071067811865476,2.0,2
AR0057,C044,2025-05-01,231694,1.6666666666666667,2.0,0.5773502691896257,3.0,-2
AR0166,C044,2025-07-12,227961,0.75,1.5,1.8929694486000912,4.0,-1
AR0513,C044,2025-08-13,38244,0.4,1.0,1.816590212458495,5.0,-1
AR0276,C044,2025-10-01,285004,0.16666666666666666,0.0,1.7224014243685084,6.0,0
AR0011,C044,2025-10-02,537778,0.14285714285714285,0.0,1.5735915849388862,7.0,0
AR0679,C044,2025-10-06,315074,0.125,0.0,1.457737973711325,8.0,2
AR0416,C044,2025-10-17,464245,0.3333333333333333,0.0,1.4999999999999998,9.0,2
AR0434,C044,2025-11-03,61690,0.5,0.5,1.509230856356236,10.0,0
AR0169,C044,2025-11-04,575026,0.45454545454545453,0.0,1.4396969378057565,11.0,-2
AR0312,C044,2025-12-12,296865,0.25,0.0,1.5447859516333116,12.0,2
AR0388,C044,2025-12-14,430264,0.38461538461538464,0.0,1.5566235649883124,13.0,1
AR0091,C045,2025-02-25,220562,5.768571428571429,5.768571428571429,0.0,0.0,-2
AR0650,C045,2025-03-02,408098,-2.0,-2.0,0.0,1.0,0
AR0203,C045,2025-03-06,407591,-1.0,-1.0,1.4142135623730951,2.0,1
AR0471,C045,2025-03-13,480528,-0.3333333333333333,0.0,1.5275252316519468,3.0,1
AR0265,C045,2025-05-03,319786,0.0,0.5,1.4142135623730951,4.0,1
AR0109,C045,2025-06-01,357271,0.2,1.0,1.3038404810405297,5.0,-1
AR0297,C045,2025-06-01,36227,0.0,0.5,1.2649110640673518,6.0,1
AR0329,C045,2025-07-09,133911,0.14285714285714285,1.0,1.2149857925879117,7.0,1
AR0229,C045,2025-07-26,162735,0.25,1.0,1.164964745021435,8.0,2
AR0194,C045,2025-08-21,162038,0.4444444444444444,1.0,1.2360330811826103,9.0,0
AR0222,C045,2025-08-21,57318,0.4,1.0,1.1737877907772671,10.0,-1
AR0188,C045,2025-09-01,412434,0.2727272727272727,1.0,1.1908743922772955,11.0,1
AR0491,C045,2025-09-03,403892,0.3333333333333333,1.0,1.1547005383792515,12.0,-1
AR0250,C045,2025-09-06,96211,0.23076923076923078,1.0,1.1657505560686465,13.0,-2
AR0524,C045,2025-09-09,143693,0.07142857142857142,0.5,1.2688144505364485,14.0,-2
AR0654,C045,2025-10-09,648138,-0.06666666666666667,0.0,1.3345232785352157,15.0,1
AR0220,C045,2025-11-01,346279,0.0,0.5,1.3165611772087666,16.0,0
AR0451,C045,2025-11-16,577422,0.0,0.0,1.2747548783981961,17.0,-1
AR0610,C045,2025-12-27,359291,-0.05555555555555555,0.0,1.2589548523523144,18.0,0
AR0175,C046,2025-03-20,285568,5.768571428571429,5.768571428571429,0.0,0.0,3
AR0252,C046,2025-03-23,210360,3.0,3.0,0.0,1.0,2
AR0638,C046,2025-04-06,27384,2.5,2.5,0.7071067811865476,2.0,4
AR0138,C046,2025-04-20,53674,3.0,3.0,1.0,3.0,5
AR0026,C046,2025-06-09,263563,3.5,3.5,1.2909944487358056,4.0,4
AR0526,C046,2025-08-16,66027,3.6,4.0,1.140175425099138,5.0,4
AR0523,C046,2025-08-17,132496,3.6666666666666665,4.0,1.0327955589886444,6.0,4
AR0201,C046,2025-10-01,112274,3.7142857142857144,4.0,0.9511897312113418,7.0,4
AR0662,C046,2025-10-26,359171,3.75,4.0,0.8864052604279182,8.0,2
AR0031,C046,2025-11-20,66125,3.5555555555555554,4.0,1.0137937550497031,9.0,3
AR0469,C046,2025-11-29,254524,3.5,4.0,0.97182531580755,10.0,3
AR0667,C047,2025-01-12,227591,5.768571428571429,5.768571428571429,0.0,0.0,12
AR0367,C047,2025-01-27,170800,12.0,12.0,0.0,1.0,12
AR0595,C047,2025-01-27,325934,12.0,12.0,0.0,2.0,15
AR0039,C047,2025-01-28,373036,13.0,12.0,1.7320508075688772,3.0,9
AR0682,C047,2025-02-27,36891,12.0,12.0,2.449489742783178,4.0,14
AR0305,C047,2025-03-09,77343,12.4,12.0,2.3021728866442674,5.0,12
AR0148,C047,2025-03-26,529767,12.333333333333334,12.0,2.065591117977289,6.0,15
AR0357,C047,2025-04-21,245480,12.714285714285714,12.0,2.1380899352993947,7.0,15
AR0677,C047,2025-04-25,457686,13.0,13.0,2.1380899352993947,8.0,8
AR0107,C047,2025-06-03,328759,12.444444444444445,12.0,2.6034165586355513,9.0,12
AR0101,C047,2025-06-10,286115,12.4,12.0,2.4585451886114362,10.0,9
AR0560,C047,2025-06-26,263398,12.090909090909092,12.0,2.5477262590217755,11.0,10
AR0575,C047,2025-07-07,420480,11.916666666666666,12.0,2.5030284687057627,12.0,14
AR0503,C047,2025-08-06,61380,12.076923076923077,12.0,2.4651415936864716,13.0,14
AR0452,C047,2025-08-13,42907,12.214285714285714,12.0,2.4235565546581275,14.0,14
AR0637,C047,2025-08-23,359888,12.333333333333334,12.0,2.380476142847616,15.0,12
AR0176,C047,2025-09-25,415181,12.3125,12.0,2.301267766543766,16.0,12
AR0035,C047,2025-10-20,418730,12.294117647058824,12.0,2.2294816068526147,17.0,15
AR0689,C047,2025-10-22,243356,12.444444444444445,12.0,2.254987210664716,18.0,13
AR0487,C047,2025-12-03,454203,12.473684210526315,12.0,2.1951568167883577,19.0,9
AR0348,C047,2025-12-04,381407,12.3,12.0,2.273416163537063,20.0,12
AR0602,C048,2025-02-01,390029,5.768571428571429,5.768571428571429,0.0,0.0,-1
AR0232,C048,2025-06-15,386996,-1.0,-1.0,0.0,1.0,0
AR0089,C048,2025-06-20,494724,-0.5,-0.5,0.7071067811865476,2.0,1
AR0500,C048,2025-08-14,489047,0.0,0.0,1.0,3.0,1
AR0267,C048,2025-08-31,389742,0.25,0.5,0.9574271077563381,4.0,1
AR0131,C048,2025-09-01,294360,0.4,1.0,0.8944271909999159,5.0,0
AR0448,C048,2025-09-27,45758,0.3333333333333333,0.5,0.816496580927726,6.0,0
AR0073,C048,2025-10-11,131948,0.2857142857142857,0.0,0.7559289460184545,7.0,0
AR0653,C048,2025-11-07,280653,0.25,0.0,0.7071067811865476,8.0,1
AR0678,C049,2025-01-12,176428,5.768571428571429,5.768571428571429,0.0,0.0,5
AR0006,C049,2025-01-25,471465,5.0,5.0,0.0,1.0,2
AR0248,C049,2025-01-27,126723,3.5,3.5,2.1213203435596424,2.0,4
AR0124,C049,2025-02-24,428116,3.6666666666666665,4.0,1.5275252316519468,3.0,5
AR0216,C049,2025-04-17,347950,4.0,4.5,1.4142135623730951,4.0,3
AR0132,C049,2025-05-07,460330,3.8,4.0,1.3038404810405297,5.0,4
AR0656,C049,2025-05-07,376695,3.8333333333333335,4.0,1.1690451944500122,6.0,2
AR0626,C049,2025-05-28,188384,3.5714285714285716,4.0,1.2724180205607034,7.0,4
AR0561,C049,2025-07-09,289997,3.625,4.0,1.1877349391654208,8.0,2
AR0129,C049,2025-08-15,341206,3.4444444444444446,4.0,1.2360330811826103,9.0,5
AR0655,C049,2025-10-03,572618,3.6,4.0,1.2649110640673518,10.0,3
AR0415,C049,2025-10-16,543912,3.5454545454545454,4.0,1.2135597524338357,11.0,5
AR0142,C049,2025-10-22,285257,3.6666666666666665,4.0,1.2309149097933274,12.0,5
AR0280,C049,2025-11-21,505753,3.769230769230769,4.0,1.2351684199496948,13.0,2
AR0413,C049,2025-12-02,77357,3.642857142857143,4.0,1.2774459408789602,14.0,3
AR0197,C049,2025-12-20,152192,3.6,4.0,1.2421180068162376,15.0,3
AR0392,C050,2025-03-12,483735,5.768571428571429,5.768571428571429,0.0,0.0,0
AR0614,C050,2025-03-16,198121,0.0,0.0,0.0,1.0,-2
AR0164,C050,2025-03-25,210533,-1.0,-1.0,1.4142135623730951,2.0,-2
AR0300,C050,2025-04-28,338276,-1.3333333333333333,-2.0,1.1547005383792517,3.0,0
AR0096,C050,2025-05-23,204101,-1.0,-1.0,1.1547005383792515,4.0,2
AR0597,C050,2025-07-14,97477,-0.4,0.0,1.6733200530681511,5.0,-1
AR0536,C050,2025-07-29,451666,-0.5,-0.5,1.51657508881031,6.0,2
AR0445,C050,2025-09-06,138765,-0.14285714285714285,0.0,1.6761634196950517,7.0,-1
AR0133,C050,2025-09-24,315178,-0.25,-0.5,1.5811388300841898,8.0,-1
AR0382,C050,2025-10-18,432369,-0.3333333333333333,-1.0,1.5,9.0,-2
AR0488,C050,2025-10-25,527083,-0.5,-1.0,1.509230856356236,10.0,0
AR0449,C050,2025-11-13,115319,-0.45454545454545453,-1.0,1.4396969378057567,11.0,2
AR0414,C050,2025-11-18,362776,-0.25,-0.5,1.5447859516333116,12.0,1
AR0012,C050,2025-11-25,257853,-0.15384615384615385,0.0,1.5191090506255,13.0,-2
AR0158,C050,2025-11-30,53437,-0.2857142857142857,-0.5,1.5406577730392865,14.0,-2
