invoice_id,customer_id,amount,avg_delay,median_delay,std_delay,invoice_count,payment_delay_days,invoice_date
AR0245,C033,364803,11.071428571428571,11.0,2.84102597162162,14,15,2025-01-01
AR0219,C011,234180,0.2727272727272727,1.0,1.5550504230351565,11,1,2025-01-02
AR0078,C003,194879,11.285714285714286,11.5,2.5548918817579205,14,10,2025-01-02
AR0298,C018,316709,3.4,3.0,1.07496769977314,10,2,2025-01-05
AR0010,C036,376664,0.3333333333333333,1.0,1.5430334996209192,15,-2,2025-01-06
AR0185,C036,290861,0.3333333333333333,1.0,1.5430334996209192,15,-1,2025-01-06
AR0204,C007,320974,0.6153846153846154,1.0,1.1929278784054478,13,0,2025-01-07
AR0341,C009,207822,16.08,18.0,11.269131880199703,25,10,2025-01-08
AR0591,C031,213125,17.642857142857142,18.5,7.088529660462227,14,16,2025-01-09
AR0683,C040,146178,-0.4736842105263157,-1.0,1.4286131990551607,19,-1,2025-01-09
AR0189,C029,68786,0.0625,0.0,1.2893796958227628,16,0,2025-01-09
AR0599,C013,251231,4.25,4.5,0.8660254037844386,12,4,2025-01-10
AR0398,C028,261043,10.7,11.0,1.9465068427541912,10,9,2025-01-10
AR0156,C031,412704,17.642857142857142,18.5,7.088529660462227,14,29,2025-01-10
AR0019,C032,78650,0.1666666666666666,0.0,1.2673044646258471,12,0,2025-01-10
AR0234,C038,420954,0.0625,0.0,1.4818344486930155,16,0,2025-01-11
AR0678,C049,176428,3.5625,3.5,1.2093386622447824,16,5,2025-01-12
AR0667,C047,227591,12.285714285714286,12.0,2.2168188275738085,21,12,2025-01-12
AR0094,C015,366047,-0.5,-1.0,1.5055453054181618,16,-1,2025-01-13
AR0165,C038,183555,0.0625,0.0,1.4818344486930155,16,2,2025-01-14
AR0146,C032,223873,0.1666666666666666,0.0,1.2673044646258471,12,0,2025-01-15
AR0468,C015,187082,-0.5,-1.0,1.5055453054181618,16,-2,2025-01-15
AR0182,C022,279158,3.6666666666666665,3.5,1.1547005383792517,12,4,2025-01-15
AR0671,C031,170518,17.642857142857142,18.5,7.088529660462227,14,21,2025-01-17
AR0032,C005,470696,3.1739130434782608,3.0,1.1928641587313162,23,4,2025-01-17
AR0269,C032,86189,0.1666666666666666,0.0,1.2673044646258471,12,2,2025-01-19
AR0082,C035,457568,11.727272727272728,12.0,1.902151891459201,11,13,2025-01-19
AR0496,C017,414941,11.77777777777778,7.0,7.8545811119654525,9,7,2025-01-19
AR0322,C003,179574,11.285714285714286,11.5,2.5548918817579205,14,15,2025-01-20
AR0470,C009,170407,16.08,18.0,11.269131880199703,25,25,2025-01-20
AR0231,C039,486313,17.555555555555557,19.0,6.064468466220084,9,22,2025-01-21
AR0584,C033,43752,11.071428571428571,11.0,2.84102597162162,14,8,2025-01-21
AR0235,C037,420088,12.357142857142858,12.0,11.76439964048735,14,6,2025-01-21
AR0550,C037,452661,12.357142857142858,12.0,11.76439964048735,14,-4,2025-01-22
AR0170,C037,202034,12.357142857142858,12.0,11.76439964048735,14,29,2025-01-22
AR0494,C013,185463,4.25,4.5,0.8660254037844386,12,4,2025-01-22
AR0084,C009,181616,16.08,18.0,11.269131880199703,25,18,2025-01-22
AR0489,C009,204706,16.08,18.0,11.269131880199703,25,29,2025-01-23
AR0686,C016,230902,3.6875,4.0,1.01447851956888,16,5,2025-01-23
AR0282,C002,190065,0.5454545454545454,0.0,1.5075567228888185,11,-2,2025-01-24
AR0551,C006,356306,4.142857142857143,4.0,0.9492622930986468,14,4,2025-01-24
AR0576,C024,230020,11.105263157894736,11.0,2.5580968803238875,19,8,2025-01-24
AR0476,C008,145010,0.5,0.5,1.0801234497346437,10,1,2025-01-25
AR0006,C049,471465,3.5625,3.5,1.2093386622447824,16,2,2025-01-25
AR0571,C004,167511,3.333333333333333,3.5,1.3026778945578592,12,5,2025-01-26
AR0126,C030,312241,0.2857142857142857,1.0,1.3469542361512192,21,-1,2025-01-26
AR0564,C007,172154,0.6153846153846154,1.0,1.1929278784054478,13,1,2025-01-26
AR0248,C049,126723,3.5625,3.5,1.2093386622447824,16,4,2025-01-27
AR0206,C012,152371,-0.75,-1.0,1.2154310870109943,12,1,2025-01-27
AR0367,C047,170800,12.285714285714286,12.0,2.2168188275738085,21,12,2025-01-27
AR0595,C047,325934,12.285714285714286,12.0,2.2168188275738085,21,15,2025-01-27
AR0343,C017,86457,11.77777777777778,7.0,7.8545811119654525,9,21,2025-01-27
AR0039,C047,373036,12.285714285714286,12.0,2.2168188275738085,21,9,2025-01-28
AR0202,C003,310119,11.285714285714286,11.5,2.5548918817579205,14,12,2025-01-28
AR0246,C027,118347,4.0,4.5,1.1094003924504583,14,4,2025-01-28
AR0420,C038,204519,0.0625,0.0,1.4818344486930155,16,2,2025-01-29
AR0699,C030,314852,0.2857142857142857,1.0,1.3469542361512192,21,1,2025-01-30
AR0055,C011,286248,0.2727272727272727,1.0,1.5550504230351565,11,-2,2025-01-30
AR0422,C003,213324,11.285714285714286,11.5,2.5548918817579205,14,12,2025-01-30
AR0627,C042,496020,11.866666666666667,12.0,2.3864697976798483,15,9,2025-01-31
AR0670,C035,488828,11.727272727272728,12.0,1.902151891459201,11,9,2025-01-31
AR0140,C027,128440,4.0,4.5,1.1094003924504583,14,5,2025-02-01
AR0602,C048,390029,0.3333333333333333,0.0,0.7071067811865476,9,-1,2025-02-01
AR0428,C010,256203,0.2222222222222222,1.0,1.3017082793177757,9,-2,2025-02-01
AR0008,C039,221728,17.555555555555557,19.0,6.064468466220084,9,19,2025-02-02
AR0492,C009,395413,16.08,18.0,11.269131880199703,25,24,2025-02-02
AR0207,C008,230086,0.5,0.5,1.0801234497346437,10,1,2025-02-03
AR0486,C023,200775,16.76923076923077,15.0,8.603815492305785,13,10,2025-02-04
AR0418,C029,265849,0.0625,0.0,1.2893796958227628,16,1,2025-02-04
AR0056,C012,331969,-0.75,-1.0,1.2154310870109943,12,-2,2025-02-05
AR0278,C040,143087,-0.4736842105263157,-1.0,1.4286131990551607,19,0,2025-02-05
AR0226,C010,51267,0.2222222222222222,1.0,1.3017082793177757,9,-1,2025-02-06
AR0525,C009,257000,16.08,18.0,11.269131880199703,25,6,2025-02-07
AR0064,C021,24883,0.3333333333333333,0.0,1.4960264830861911,15,1,2025-02-07
AR0311,C030,93797,0.2857142857142857,1.0,1.3469542361512192,21,-1,2025-02-08
AR0615,C019,201594,13.941176470588236,16.0,13.320428804261962,17,23,2025-02-10
AR0021,C037,64907,12.357142857142858,12.0,11.76439964048735,14,26,2025-02-10
AR0352,C005,188879,3.1739130434782608,3.0,1.1928641587313162,23,3,2025-02-11
AR0136,C035,92547,11.727272727272728,12.0,1.902151891459201,11,10,2025-02-11
AR0437,C022,325523,3.6666666666666665,3.5,1.1547005383792517,12,3,2025-02-11
AR0384,C044,162660,0.4285714285714285,0.5,1.5045717874984443,14,1,2025-02-11
AR0275,C042,466570,11.866666666666667,12.0,2.3864697976798483,15,13,2025-02-11
AR0059,C040,239794,-0.4736842105263157,-1.0,1.4286131990551607,19,2,2025-02-11
AR0674,C025,377947,12.1875,12.0,2.1975364995072697,16,10,2025-02-11
AR0429,C022,284528,3.6666666666666665,3.5,1.1547005383792517,12,3,2025-02-13
AR0117,C043,168785,4.055555555555555,4.5,1.109966730938747,18,4,2025-02-13
AR0210,C020,150123,11.133333333333333,12.0,2.065591117977289,15,9,2025-02-13
AR0534,C040,54470,-0.4736842105263157,-1.0,1.4286131990551607,19,0,2025-02-14
AR0279,C015,247526,-0.5,-1.0,1.5055453054181618,16,-2,2025-02-16
AR0464,C028,497366,10.7,11.0,1.9465068427541912,10,11,2025-02-16
AR0313,C024,434545,11.105263157894736,11.0,2.5580968803238875,19,14,2025-02-16
AR0233,C002,140022,0.5454545454545454,0.0,1.5075567228888185,11,2,2025-02-16
AR0362,C005,456088,3.1739130434782608,3.0,1.1928641587313162,23,2,2025-02-16
AR0037,C013,70819,4.25,4.5,0.8660254037844386,12,5,2025-02-18
AR0581,C009,226518,16.08,18.0,11.269131880199703,25,18,2025-02-19
AR0303,C041,493643,11.357142857142858,11.5,2.4371213428059835,14,8,2025-02-19
AR0323,C008,143102,0.5,0.5,1.0801234497346437,10,2,2025-02-19
AR0327,C042,457095,11.866666666666667,12.0,2.3864697976798483,15,15,2025-02-20
AR0684,C005,331397,3.1739130434782608,3.0,1.1928641587313162,23,2,2025-02-21
AR0271,C029,295749,0.0625,0.0,1.2893796958227628,16,1,2025-02-21
AR0411,C016,96778,3.6875,4.0,1.01447851956888,16,4,2025-02-22
AR0461,C036,392978,0.3333333333333333,1.0,1.5430334996209192,15,2,2025-02-22
AR0086,C043,205429,4.055555555555555,4.5,1.109966730938747,18,5,2025-02-22
AR0505,C021,61979,0.3333333333333333,0.0,1.4960264830861911,15,0,2025-02-22
AR0368,C023,322995,16.76923076923077,15.0,8.603815492305785,13,27,2025-02-23
AR0240,C043,469699,4.055555555555555,4.5,1.109966730938747,18,3,2025-02-23
AR0124,C049,428116,3.5625,3.5,1.2093386622447824,16,5,2025-02-24
AR0015,C033,476402,11.071428571428571,11.0,2.84102597162162,14,12,2025-02-24
AR0295,C031,144364,17.642857142857142,18.5,7.088529660462227,14,19,2025-02-24
AR0404,C028,147567,10.7,11.0,1.9465068427541912,10,14,2025-02-24
AR0091,C045,220562,-0.0526315789473684,0.0,1.223550580642996,19,-2,2025-02-25
AR0370,C015,203560,-0.5,-1.0,1.5055453054181618,16,2,2025-02-25
AR0592,C044,238387,0.4285714285714285,0.5,1.5045717874984443,14,2,2025-02-26
AR0340,C012,366584,-0.75,-1.0,1.2154310870109943,12,-2,2025-02-26
AR0636,C013,193373,4.25,4.5,0.8660254037844386,12,3,2025-02-27
AR0682,C047,36891,12.285714285714286,12.0,2.2168188275738085,21,14,2025-02-27
AR0081,C001,59449,-0.5454545454545454,-1.0,1.2933395813657265,11,-1,2025-02-27
AR0344,C034,410943,11.090909090909092,11.0,2.1191765124474857,11,9,2025-02-28
AR0401,C019,232353,13.941176470588236,16.0,13.320428804261962,17,-4,2025-02-28
AR0520,C016,33586,3.6875,4.0,1.01447851956888,16,3,2025-02-28
AR0224,C028,305507,10.7,11.0,1.9465068427541912,10,11,2025-02-28
AR0371,C024,419824,11.105263157894736,11.0,2.5580968803238875,19,12,2025-02-28
AR0098,C002,551793,0.5454545454545454,0.0,1.5075567228888185,11,0,2025-03-01
AR0650,C045,408098,-0.0526315789473684,0.0,1.223550580642996,19,0,2025-03-02
AR0196,C021,470905,0.3333333333333333,0.0,1.4960264830861911,15,2,2025-03-03
AR0612,C019,368767,13.941176470588236,16.0,13.320428804261962,17,29,2025-03-04
AR0228,C029,305591,0.0625,0.0,1.2893796958227628,16,0,2025-03-05
AR0353,C005,188815,3.1739130434782608,3.0,1.1928641587313162,23,4,2025-03-06
AR0203,C045,407591,-0.0526315789473684,0.0,1.223550580642996,19,1,2025-03-06
AR0537,C005,214144,3.1739130434782608,3.0,1.1928641587313162,23,2,2025-03-06
AR0539,C023,552348,16.76923076923077,15.0,8.603815492305785,13,30,2025-03-07
AR0305,C047,77343,12.285714285714286,12.0,2.2168188275738085,21,12,2025-03-09
AR0664,C030,332452,0.2857142857142857,1.0,1.3469542361512192,21,1,2025-03-09
AR0249,C036,196661,0.3333333333333333,1.0,1.5430334996209192,15,1,2025-03-09
AR0574,C028,555059,10.7,11.0,1.9465068427541912,10,12,2025-03-10
AR0672,C012,484741,-0.75,-1.0,1.2154310870109943,12,1,2025-03-11
AR0392,C050,483735,-0.4,-1.0,1.5491933384829668,15,0,2025-03-12
AR0518,C037,342227,12.357142857142858,12.0,11.76439964048735,14,18,2025-03-12
AR0471,C045,480528,-0.0526315789473684,0.0,1.223550580642996,19,1,2025-03-13
AR0531,C013,165734,4.25,4.5,0.8660254037844386,12,5,2025-03-13
AR0378,C005,469753,3.1739130434782608,3.0,1.1928641587313162,23,2,2025-03-14
AR0480,C016,198616,3.6875,4.0,1.01447851956888,16,5,2025-03-15
AR0272,C001,270187,-0.5454545454545454,-1.0,1.2933395813657265,11,-1,2025-03-15
AR0512,C002,534689,0.5454545454545454,0.0,1.5075567228888185,11,2,2025-03-15
AR0339,C018,101375,3.4,3.0,1.07496769977314,10,4,2025-03-16
AR0614,C050,198121,-0.4,-1.0,1.5491933384829668,15,-2,2025-03-16
AR0338,C022,498497,3.6666666666666665,3.5,1.1547005383792517,12,2,2025-03-17
AR0696,C027,203811,4.0,4.5,1.1094003924504583,14,5,2025-03-18
AR0225,C042,570709,11.866666666666667,12.0,2.3864697976798483,15,12,2025-03-18
AR0660,C035,122203,11.727272727272728,12.0,1.902151891459201,11,13,2025-03-18
AR0209,C010,512062,0.2222222222222222,1.0,1.3017082793177757,9,2,2025-03-18
AR0600,C027,271986,4.0,4.5,1.1094003924504583,14,3,2025-03-19
AR0160,C040,166825,-0.4736842105263157,-1.0,1.4286131990551607,19,-1,2025-03-20
AR0450,C025,120823,12.1875,12.0,2.1975364995072697,16,10,2025-03-20
AR0175,C046,285568,3.4545454545454546,4.0,0.9341987329938276,11,3,2025-03-20
AR0361,C024,437105,11.105263157894736,11.0,2.5580968803238875,19,15,2025-03-20
AR0516,C039,432427,17.555555555555557,19.0,6.064468466220084,9,23,2025-03-20
AR0369,C014,418965,4.0,4.0,0.6324555320336759,6,5,2025-03-21
AR0681,C023,189196,16.76923076923077,15.0,8.603815492305785,13,7,2025-03-21
AR0087,C040,165735,-0.4736842105263157,-1.0,1.4286131990551607,19,-1,2025-03-21
AR0326,C038,556842,0.0625,0.0,1.4818344486930155,16,1,2025-03-21
AR0383,C004,117907,3.333333333333333,3.5,1.3026778945578592,12,2,2025-03-21
AR0446,C009,69524,16.08,18.0,11.269131880199703,25,13,2025-03-21
AR0252,C046,210360,3.4545454545454546,4.0,0.9341987329938276,11,2,2025-03-23
AR0649,C020,267438,11.133333333333333,12.0,2.065591117977289,15,12,2025-03-23
AR0567,C013,323419,4.25,4.5,0.8660254037844386,12,5,2025-03-23
AR0543,C011,217542,0.2727272727272727,1.0,1.5550504230351565,11,-1,2025-03-24
AR0164,C050,210533,-0.4,-1.0,1.5491933384829668,15,-2,2025-03-25
AR0048,C004,251494,3.333333333333333,3.5,1.3026778945578592,12,2,2025-03-26
AR0148,C047,529767,12.285714285714286,12.0,2.2168188275738085,21,15,2025-03-26
AR0281,C029,441434,0.0625,0.0,1.2893796958227628,16,0,2025-03-27
AR0402,C021,506141,0.3333333333333333,0.0,1.4960264830861911,15,2,2025-03-29
AR0605,C021,300145,0.3333333333333333,0.0,1.4960264830861911,15,2,2025-03-30
AR0412,C013,386204,4.25,4.5,0.8660254037844386,12,3,2025-03-30
AR0218,C016,355812,3.6875,4.0,1.01447851956888,16,2,2025-03-30
AR0286,C011,70612,0.2727272727272727,1.0,1.5550504230351565,11,2,2025-03-31
AR0111,C044,394113,0.4285714285714285,0.5,1.5045717874984443,14,2,2025-03-31
AR0125,C015,441585,-0.5,-1.0,1.5055453054181618,16,2,2025-04-01
AR0200,C024,178475,11.105263157894736,11.0,2.5580968803238875,19,8,2025-04-02
AR0504,C039,305985,17.555555555555557,19.0,6.064468466220084,9,13,2025-04-03
AR0375,C002,163272,0.5454545454545454,0.0,1.5075567228888185,11,0,2025-04-03
AR0444,C020,132298,11.133333333333333,12.0,2.065591117977289,15,13,2025-04-03
AR0237,C018,326881,3.4,3.0,1.07496769977314,10,5,2025-04-03
AR0152,C030,46363,0.2857142857142857,1.0,1.3469542361512192,21,0,2025-04-04
AR0638,C046,27384,3.4545454545454546,4.0,0.9341987329938276,11,4,2025-04-06
AR0501,C022,280153,3.6666666666666665,3.5,1.1547005383792517,12,5,2025-04-06
AR0333,C018,84046,3.4,3.0,1.07496769977314,10,5,2025-04-08
AR0456,C031,212854,17.642857142857142,18.5,7.088529660462227,14,23,2025-04-10
AR0199,C007,175318,0.6153846153846154,1.0,1.1929278784054478,13,-1,2025-04-10
AR0119,C015,97255,-0.5,-1.0,1.5055453054181618,16,-2,2025-04-12
AR0159,C016,459997,3.6875,4.0,1.01447851956888,16,2,2025-04-13
AR0617,C014,454085,4.0,4.0,0.6324555320336759,6,4,2025-04-14
AR0391,C001,178030,-0.5454545454545454,-1.0,1.2933395813657265,11,-1,2025-04-15
AR0558,C030,198358,0.2857142857142857,1.0,1.3469542361512192,21,2,2025-04-15
AR0336,C037,55971,12.357142857142858,12.0,11.76439964048735,14,30,2025-04-16
AR0603,C034,314066,11.090909090909092,11.0,2.1191765124474857,11,13,2025-04-17
AR0216,C049,347950,3.5625,3.5,1.2093386622447824,16,3,2025-04-17
AR0552,C042,422107,11.866666666666667,12.0,2.3864697976798483,15,14,2025-04-18
AR0025,C028,302746,10.7,11.0,1.9465068427541912,10,11,2025-04-19
AR0138,C046,53674,3.4545454545454546,4.0,0.9341987329938276,11,5,2025-04-20
AR0066,C035,285229,11.727272727272728,12.0,1.902151891459201,11,12,2025-04-20
AR0570,C016,325840,3.6875,4.0,1.01447851956888,16,4,2025-04-21
AR0357,C047,245480,12.285714285714286,12.0,2.2168188275738085,21,15,2025-04-21
AR0052,C019,50662,13.941176470588236,16.0,13.320428804261962,17,29,2025-04-22
AR0668,C001,323201,-0.5454545454545454,-1.0,1.2933395813657265,11,-2,2025-04-22
AR0145,C032,163096,0.1666666666666666,0.0,1.2673044646258471,12,1,2025-04-23
AR0030,C038,23770,0.0625,0.0,1.4818344486930155,16,-2,2025-04-23
AR0347,C033,342493,11.071428571428571,11.0,2.84102597162162,14,8,2025-04-24
AR0092,C031,124633,17.642857142857142,18.5,7.088529660462227,14,24,2025-04-24
AR0677,C047,457686,12.285714285714286,12.0,2.2168188275738085,21,8,2025-04-25
AR0372,C037,443216,12.357142857142858,12.0,11.76439964048735,14,22,2025-04-26
AR0212,C040,426686,-0.4736842105263157,-1.0,1.4286131990551607,19,2,2025-04-26
AR0028,C016,53568,3.6875,4.0,1.01447851956888,16,4,2025-04-26
AR0680,C025,149767,12.1875,12.0,2.1975364995072697,16,15,2025-04-28
AR0300,C050,338276,-0.4,-1.0,1.5491933384829668,15,0,2025-04-28
AR0221,C003,171049,11.285714285714286,11.5,2.5548918817579205,14,12,2025-04-29
AR0195,C017,83258,11.77777777777778,7.0,7.8545811119654525,9,7,2025-04-29
AR0621,C041,47520,11.357142857142858,11.5,2.4371213428059835,14,9,2025-04-30
AR0514,C005,428166,3.1739130434782608,3.0,1.1928641587313162,23,4,2025-05-01
AR0330,C029,468502,0.0625,0.0,1.2893796958227628,16,0,2025-05-01
AR0118,C006,372738,4.142857142857143,4.0,0.9492622930986468,14,4,2025-05-01
AR0057,C044,231694,0.4285714285714285,0.5,1.5045717874984443,14,-2,2025-05-01
AR0046,C006,107194,4.142857142857143,4.0,0.9492622930986468,14,5,2025-05-02
AR0020,C020,50369,11.133333333333333,12.0,2.065591117977289,15,11,2025-05-03
AR0265,C045,319786,-0.0526315789473684,0.0,1.223550580642996,19,1,2025-05-03
AR0562,C021,264565,0.3333333333333333,0.0,1.4960264830861911,15,-2,2025-05-04
AR0186,C006,397526,4.142857142857143,4.0,0.9492622930986468,14,5,2025-05-04
AR0123,C026,97369,3.363636363636364,4.0,1.2060453783110547,11,2,2025-05-05
AR0620,C016,46615,3.6875,4.0,1.01447851956888,16,3,2025-05-05
AR0120,C003,269108,11.285714285714286,11.5,2.5548918817579205,14,9,2025-05-06
AR0555,C031,441888,17.642857142857142,18.5,7.088529660462227,14,20,2025-05-06
AR0284,C010,298484,0.2222222222222222,1.0,1.3017082793177757,9,1,2025-05-06
AR0058,C037,323520,12.357142857142858,12.0,11.76439964048735,14,-3,2025-05-07
AR0656,C049,376695,3.5625,3.5,1.2093386622447824,16,2,2025-05-07
AR0430,C003,390997,11.285714285714286,11.5,2.5548918817579205,14,15,2025-05-07
AR0002,C009,410588,16.08,18.0,11.269131880199703,25,30,2025-05-07
AR0132,C049,460330,3.5625,3.5,1.2093386622447824,16,4,2025-05-07
AR0090,C043,159883,4.055555555555555,4.5,1.109966730938747,18,3,2025-05-08
AR0041,C007,120448,0.6153846153846154,1.0,1.1929278784054478,13,-1,2025-05-08
AR0545,C006,122918,4.142857142857143,4.0,0.9492622930986468,14,4,2025-05-09
AR0436,C019,399444,13.941176470588236,16.0,13.320428804261962,17,4,2025-05-10
AR0485,C024,411809,11.105263157894736,11.0,2.5580968803238875,19,8,2025-05-10
AR0616,C042,411820,11.866666666666667,12.0,2.3864697976798483,15,15,2025-05-12
AR0309,C011,499224,0.2727272727272727,1.0,1.5550504230351565,11,1,2025-05-12
AR0473,C002,133065,0.5454545454545454,0.0,1.5075567228888185,11,-1,2025-05-12
AR0644,C001,221103,-0.5454545454545454,-1.0,1.2933395813657265,11,-1,2025-05-14
AR0522,C008,426304,0.5,0.5,1.0801234497346437,10,0,2025-05-15
AR0003,C035,411650,11.727272727272728,12.0,1.902151891459201,11,14,2025-05-15
AR0014,C001,282451,-0.5454545454545454,-1.0,1.2933395813657265,11,-1,2025-05-15
AR0079,C041,104715,11.357142857142858,11.5,2.4371213428059835,14,15,2025-05-15
AR0024,C011,296653,0.2727272727272727,1.0,1.5550504230351565,11,2,2025-05-16
AR0049,C025,431078,12.1875,12.0,2.1975364995072697,16,15,2025-05-16
AR0072,C009,80517,16.08,18.0,11.269131880199703,25,1,2025-05-16
AR0062,C016,227505,3.6875,4.0,1.01447851956888,16,3,2025-05-16
AR0314,C001,301318,-0.5454545454545454,-1.0,1.2933395813657265,11,-2,2025-05-16
AR0645,C029,192818,0.0625,0.0,1.2893796958227628,16,0,2025-05-17
AR0135,C016,196080,3.6875,4.0,1.01447851956888,16,4,2025-05-20
AR0386,C027,133020,4.0,4.5,1.1094003924504583,14,2,2025-05-20
AR0692,C020,51959,11.133333333333333,12.0,2.065591117977289,15,10,2025-05-21
AR0259,C005,425104,3.1739130434782608,3.0,1.1928641587313162,23,5,2025-05-22
AR0180,C006,482228,4.142857142857143,4.0,0.9492622930986468,14,5,2025-05-23
AR0043,C012,262550,-0.75,-1.0,1.2154310870109943,12,-1,2025-05-23
AR0096,C050,204101,-0.4,-1.0,1.5491933384829668,15,2,2025-05-23
AR0457,C030,427961,0.2857142857142857,1.0,1.3469542361512192,21,1,2025-05-25
AR0462,C008,63974,0.5,0.5,1.0801234497346437,10,-1,2025-05-26
AR0113,C020,130196,11.133333333333333,12.0,2.065591117977289,15,14,2025-05-27
AR0626,C049,188384,3.5625,3.5,1.2093386622447824,16,4,2025-05-28
AR0609,C020,389571,11.133333333333333,12.0,2.065591117977289,15,11,2025-05-28
AR0475,C008,144591,0.5,0.5,1.0801234497346437,10,0,2025-05-28
AR0578,C036,58551,0.3333333333333333,1.0,1.5430334996209192,15,1,2025-05-28
AR0631,C012,479665,-0.75,-1.0,1.2154310870109943,12,-2,2025-05-29
AR0255,C032,286795,0.1666666666666666,0.0,1.2673044646258471,12,0,2025-05-30
AR0493,C003,125691,11.285714285714286,11.5,2.5548918817579205,14,8,2025-05-31
AR0506,C043,207795,4.055555555555555,4.5,1.109966730938747,18,5,2025-06-01
AR0297,C045,36227,-0.0526315789473684,0.0,1.223550580642996,19,1,2025-06-01
AR0109,C045,357271,-0.0526315789473684,0.0,1.223550580642996,19,-1,2025-06-01
AR0261,C019,527939,13.941176470588236,16.0,13.320428804261962,17,26,2025-06-02
AR0632,C001,365441,-0.5454545454545454,-1.0,1.2933395813657265,11,2,2025-06-02
AR0698,C015,540037,-0.5,-1.0,1.5055453054181618,16,-1,2025-06-03
AR0107,C047,328759,12.285714285714286,12.0,2.2168188275738085,21,12,2025-06-03
AR0294,C030,143114,0.2857142857142857,1.0,1.3469542361512192,21,1,2025-06-04
AR0690,C016,551322,3.6875,4.0,1.01447851956888,16,3,2025-06-04
AR0419,C041,503131,11.357142857142858,11.5,2.4371213428059835,14,12,2025-06-05
AR0093,C023,517726,16.76923076923077,15.0,8.603815492305785,13,9,2025-06-06
AR0568,C032,322879,0.1666666666666666,0.0,1.2673044646258471,12,-2,2025-06-07
AR0438,C023,418555,16.76923076923077,15.0,8.603815492305785,13,20,2025-06-08
AR0406,C026,472668,3.363636363636364,4.0,1.2060453783110547,11,4,2025-06-08
AR0421,C005,301398,3.1739130434782608,3.0,1.1928641587313162,23,5,2025-06-08
AR0381,C024,458072,11.105263157894736,11.0,2.5580968803238875,19,13,2025-06-09
AR0026,C046,263563,3.4545454545454546,4.0,0.9341987329938276,11,4,2025-06-09
AR0101,C047,286115,12.285714285714286,12.0,2.2168188275738085,21,9,2025-06-10
AR0519,C026,414639,3.363636363636364,4.0,1.2060453783110547,11,4,2025-06-10
AR0106,C040,422976,-0.4736842105263157,-1.0,1.4286131990551607,19,-2,2025-06-10
AR0053,C004,57466,3.333333333333333,3.5,1.3026778945578592,12,2,2025-06-10
AR0559,C010,542415,0.2222222222222222,1.0,1.3017082793177757,9,0,2025-06-10
AR0695,C034,442825,11.090909090909092,11.0,2.1191765124474857,11,14,2025-06-13
AR0244,C017,92892,11.77777777777778,7.0,7.8545811119654525,9,20,2025-06-15
AR0232,C048,386996,0.3333333333333333,0.0,0.7071067811865476,9,0,2025-06-15
AR0342,C038,32513,0.0625,0.0,1.4818344486930155,16,-1,2025-06-15
AR0179,C018,536523,3.4,3.0,1.07496769977314,10,3,2025-06-15
AR0153,C025,150615,12.1875,12.0,2.1975364995072697,16,15,2025-06-17
AR0393,C019,95341,13.941176470588236,16.0,13.320428804261962,17,-5,2025-06-17
AR0365,C036,426970,0.3333333333333333,1.0,1.5430334996209192,15,-2,2025-06-18
AR0435,C005,79980,3.1739130434782608,3.0,1.1928641587313162,23,5,2025-06-18
AR0095,C026,190978,3.363636363636364,4.0,1.2060453783110547,11,2,2025-06-18
AR0498,C042,187730,11.866666666666667,12.0,2.3864697976798483,15,9,2025-06-19
AR0139,C027,350156,4.0,4.5,1.1094003924504583,14,5,2025-06-19
AR0270,C038,547368,0.0625,0.0,1.4818344486930155,16,-2,2025-06-19
AR0622,C027,455517,4.0,4.5,1.1094003924504583,14,5,2025-06-19
AR0089,C048,494724,0.3333333333333333,0.0,0.7071067811865476,9,1,2025-06-20
AR0335,C004,169855,3.333333333333333,3.5,1.3026778945578592,12,3,2025-06-20
AR0263,C023,355767,16.76923076923077,15.0,8.603815492305785,13,29,2025-06-20
AR0407,C015,492754,-0.5,-1.0,1.5055453054181618,16,-1,2025-06-20
AR0585,C009,507735,16.08,18.0,11.269131880199703,25,25,2025-06-20
AR0633,C007,194570,0.6153846153846154,1.0,1.1929278784054478,13,1,2025-06-21
AR0589,C038,328875,0.0625,0.0,1.4818344486930155,16,2,2025-06-22
AR0154,C021,481968,0.3333333333333333,0.0,1.4960264830861911,15,1,2025-06-22
AR0310,C019,507896,13.941176470588236,16.0,13.320428804261962,17,2,2025-06-23
AR0184,C017,191614,11.77777777777778,7.0,7.8545811119654525,9,12,2025-06-24
AR0560,C047,263398,12.285714285714286,12.0,2.2168188275738085,21,10,2025-06-26
AR0694,C004,410874,3.333333333333333,3.5,1.3026778945578592,12,5,2025-06-26
AR0527,C043,450803,4.055555555555555,4.5,1.109966730938747,18,2,2025-06-27
AR0067,C009,554099,16.08,18.0,11.269131880199703,25,-1,2025-06-28
AR0465,C029,39079,0.0625,0.0,1.2893796958227628,16,1,2025-06-28
AR0611,C031,360934,17.642857142857142,18.5,7.088529660462227,14,12,2025-06-28
AR0675,C042,94526,11.866666666666667,12.0,2.3864697976798483,15,10,2025-06-28
AR0157,C004,158189,3.333333333333333,3.5,1.3026778945578592,12,2,2025-06-29
AR0376,C022,26681,3.6666666666666665,3.5,1.1547005383792517,12,3,2025-06-29
AR0143,C001,203042,-0.5454545454545454,-1.0,1.2933395813657265,11,1,2025-06-30
AR0366,C027,478021,4.0,4.5,1.1094003924504583,14,5,2025-07-01
AR0497,C019,472008,13.941176470588236,16.0,13.320428804261962,17,-2,2025-07-02
AR0296,C037,321366,12.357142857142858,12.0,11.76439964048735,14,13,2025-07-03
AR0332,C042,51745,11.866666666666667,12.0,2.3864697976798483,15,14,2025-07-03
AR0085,C003,130140,11.285714285714286,11.5,2.5548918817579205,14,11,2025-07-03
AR0283,C019,216524,13.941176470588236,16.0,13.320428804261962,17,22,2025-07-03
AR0483,C034,55483,11.090909090909092,11.0,2.1191765124474857,11,8,2025-07-04
AR0647,C042,383210,11.866666666666667,12.0,2.3864697976798483,15,11,2025-07-04
AR0532,C002,310466,0.5454545454545454,0.0,1.5075567228888185,11,2,2025-07-04
AR0443,C033,29558,11.071428571428571,11.0,2.84102597162162,14,13,2025-07-05
AR0432,C011,215481,0.2727272727272727,1.0,1.5550504230351565,11,0,2025-07-06
AR0575,C047,420480,12.285714285714286,12.0,2.2168188275738085,21,14,2025-07-07
AR0315,C030,372755,0.2857142857142857,1.0,1.3469542361512192,21,0,2025-07-08
AR0329,C045,133911,-0.0526315789473684,0.0,1.223550580642996,19,1,2025-07-09
AR0068,C016,169415,3.6875,4.0,1.01447851956888,16,3,2025-07-09
AR0561,C049,289997,3.5625,3.5,1.2093386622447824,16,2,2025-07-09
AR0517,C024,252752,11.105263157894736,11.0,2.5580968803238875,19,9,2025-07-10
AR0017,C010,419775,0.2222222222222222,1.0,1.3017082793177757,9,-1,2025-07-11
AR0166,C044,227961,0.4285714285714285,0.5,1.5045717874984443,14,-1,2025-07-12
AR0597,C050,97477,-0.4,-1.0,1.5491933384829668,15,-1,2025-07-14
AR0673,C024,255162,11.105263157894736,11.0,2.5580968803238875,19,14,2025-07-15
AR0316,C038,451183,0.0625,0.0,1.4818344486930155,16,0,2025-07-15
AR0515,C024,317399,11.105263157894736,11.0,2.5580968803238875,19,8,2025-07-16
AR0137,C015,383829,-0.5,-1.0,1.5055453054181618,16,-1,2025-07-16
AR0467,C016,62784,3.6875,4.0,1.01447851956888,16,4,2025-07-17
AR0324,C009,257839,16.08,18.0,11.269131880199703,25,18,2025-07-18
AR0676,C035,297265,11.727272727272728,12.0,1.902151891459201,11,10,2025-07-21
AR0569,C006,284998,4.142857142857143,4.0,0.9492622930986468,14,5,2025-07-21
AR0613,C025,449065,12.1875,12.0,2.1975364995072697,16,13,2025-07-22
AR0466,C004,283196,3.333333333333333,3.5,1.3026778945578592,12,4,2025-07-22
AR0390,C015,334218,-0.5,-1.0,1.5055453054181618,16,-2,2025-07-22
AR0495,C033,447507,11.071428571428571,11.0,2.84102597162162,14,15,2025-07-23
AR0397,C005,471812,3.1739130434782608,3.0,1.1928641587313162,23,2,2025-07-23
AR0630,C003,433118,11.285714285714286,11.5,2.5548918817579205,14,15,2025-07-23
AR0004,C038,209790,0.0625,0.0,1.4818344486930155,16,-1,2025-07-24
AR0405,C038,294707,0.0625,0.0,1.4818344486930155,16,-2,2025-07-25
AR0350,C031,243490,17.642857142857142,18.5,7.088529660462227,14,1,2025-07-25
AR0040,C004,401793,3.333333333333333,3.5,1.3026778945578592,12,4,2025-07-26
AR0229,C045,162735,-0.0526315789473684,0.0,1.223550580642996,19,2,2025-07-26
AR0190,C015,382695,-0.5,-1.0,1.5055453054181618,16,-1,2025-07-27
AR0112,C020,307276,11.133333333333333,12.0,2.065591117977289,15,8,2025-07-27
AR0328,C040,166664,-0.4736842105263157,-1.0,1.4286131990551607,19,-2,2025-07-28
AR0253,C036,68868,0.3333333333333333,1.0,1.5430334996209192,15,-1,2025-07-28
AR0536,C050,451666,-0.4,-1.0,1.5491933384829668,15,2,2025-07-29
AR0239,C023,194749,16.76923076923077,15.0,8.603815492305785,13,15,2025-07-29
AR0108,C043,191013,4.055555555555555,4.5,1.109966730938747,18,5,2025-07-29
AR0433,C025,426042,12.1875,12.0,2.1975364995072697,16,13,2025-07-29
AR0321,C042,81171,11.866666666666667,12.0,2.3864697976798483,15,10,2025-07-29
AR0241,C022,383684,3.6666666666666665,3.5,1.1547005383792517,12,5,2025-07-30
AR0266,C015,42883,-0.5,-1.0,1.5055453054181618,16,0,2025-07-30
AR0088,C012,32995,-0.75,-1.0,1.2154310870109943,12,-1,2025-07-31
AR0358,C015,197697,-0.5,-1.0,1.5055453054181618,16,1,2025-07-31
AR0359,C026,402527,3.363636363636364,4.0,1.2060453783110547,11,2,2025-08-01
AR0121,C030,484590,0.2857142857142857,1.0,1.3469542361512192,21,2,2025-08-01
AR0306,C021,112085,0.3333333333333333,0.0,1.4960264830861911,15,-1,2025-08-01
AR0629,C012,482550,-0.75,-1.0,1.2154310870109943,12,-1,2025-08-02
AR0482,C037,118206,12.357142857142858,12.0,11.76439964048735,14,0,2025-08-02
AR0211,C036,337885,0.3333333333333333,1.0,1.5430334996209192,15,2,2025-08-02
AR0565,C040,150165,-0.4736842105263157,-1.0,1.4286131990551607,19,-1,2025-08-03
AR0110,C013,368614,4.25,4.5,0.8660254037844386,12,5,2025-08-04
AR0155,C018,152262,3.4,3.0,1.07496769977314,10,2,2025-08-04
AR0669,C003,200632,11.285714285714286,11.5,2.5548918817579205,14,9,2025-08-05
AR0050,C019,385214,13.941176470588236,16.0,13.320428804261962,17,30,2025-08-05
AR0038,C023,235535,16.76923076923077,15.0,8.603815492305785,13,24,2025-08-05
AR0293,C041,381923,11.357142857142858,11.5,2.4371213428059835,14,12,2025-08-06
AR0385,C043,274626,4.055555555555555,4.5,1.109966730938747,18,5,2025-08-06
AR0503,C047,61380,12.285714285714286,12.0,2.2168188275738085,21,14,2025-08-06
AR0360,C021,183852,0.3333333333333333,0.0,1.4960264830861911,15,0,2025-08-07
AR0507,C039,107369,17.555555555555557,19.0,6.064468466220084,9,23,2025-08-07
AR0105,C024,56686,11.105263157894736,11.0,2.5580968803238875,19,13,2025-08-09
AR0394,C032,112114,0.1666666666666666,0.0,1.2673044646258471,12,-1,2025-08-09
AR0387,C023,78138,16.76923076923077,15.0,8.603815492305785,13,13,2025-08-09
AR0363,C006,70627,4.142857142857143,4.0,0.9492622930986468,14,4,2025-08-10
AR0013,C019,102920,13.941176470588236,16.0,13.320428804261962,17,24,2025-08-11
AR0509,C040,163946,-0.4736842105263157,-1.0,1.4286131990551607,19,-2,2025-08-11
AR0178,C030,452922,0.2857142857142857,1.0,1.3469542361512192,21,2,2025-08-12
AR0499,C024,486347,11.105263157894736,11.0,2.5580968803238875,19,14,2025-08-12
AR0452,C047,42907,12.285714285714286,12.0,2.2168188275738085,21,14,2025-08-13
AR0513,C044,38244,0.4285714285714285,0.5,1.5045717874984443,14,-1,2025-08-13
AR0557,C011,237905,0.2727272727272727,1.0,1.5550504230351565,11,1,2025-08-14
AR0500,C048,489047,0.3333333333333333,0.0,0.7071067811865476,9,1,2025-08-14
AR0304,C020,37492,11.133333333333333,12.0,2.065591117977289,15,13,2025-08-14
AR0134,C018,60623,3.4,3.0,1.07496769977314,10,4,2025-08-14
AR0292,C005,201175,3.1739130434782608,3.0,1.1928641587313162,23,4,2025-08-15
AR0044,C005,443636,3.1739130434782608,3.0,1.1928641587313162,23,2,2025-08-15
AR0661,C034,80943,11.090909090909092,11.0,2.1191765124474857,11,11,2025-08-15
AR0129,C049,341206,3.5625,3.5,1.2093386622447824,16,5,2025-08-15
AR0115,C030,251819,0.2857142857142857,1.0,1.3469542361512192,21,-1,2025-08-15
AR0526,C046,66027,3.4545454545454546,4.0,0.9341987329938276,11,4,2025-08-16
AR0130,C036,490395,0.3333333333333333,1.0,1.5430334996209192,15,-1,2025-08-17
AR0657,C034,296914,11.090909090909092,11.0,2.1191765124474857,11,13,2025-08-17
AR0663,C033,443987,11.071428571428571,11.0,2.84102597162162,14,8,2025-08-17
AR0262,C010,302371,0.2222222222222222,1.0,1.3017082793177757,9,1,2025-08-17
AR0523,C046,132496,3.4545454545454546,4.0,0.9341987329938276,11,4,2025-08-17
AR0508,C023,42206,16.76923076923077,15.0,8.603815492305785,13,17,2025-08-17
AR0042,C035,93495,11.727272727272728,12.0,1.902151891459201,11,14,2025-08-18
AR0345,C031,427904,17.642857142857142,18.5,7.088529660462227,14,18,2025-08-18
AR0213,C025,496317,12.1875,12.0,2.1975364995072697,16,15,2025-08-19
AR0563,C018,149980,3.4,3.0,1.07496769977314,10,3,2025-08-19
AR0463,C018,494641,3.4,3.0,1.07496769977314,10,3,2025-08-19
AR0579,C033,420767,11.071428571428571,11.0,2.84102597162162,14,12,2025-08-19
AR0194,C045,162038,-0.0526315789473684,0.0,1.223550580642996,19,0,2025-08-21
AR0556,C020,58258,11.133333333333333,12.0,2.065591117977289,15,8,2025-08-21
AR0380,C027,198727,4.0,4.5,1.1094003924504583,14,3,2025-08-21
AR0222,C045,57318,-0.0526315789473684,0.0,1.223550580642996,19,-1,2025-08-21
AR0243,C003,66168,11.285714285714286,11.5,2.5548918817579205,14,13,2025-08-21
AR0127,C008,89908,0.5,0.5,1.0801234497346437,10,1,2025-08-22
AR0264,C025,188704,12.1875,12.0,2.1975364995072697,16,11,2025-08-22
AR0586,C034,98087,11.090909090909092,11.0,2.1191765124474857,11,10,2025-08-22
AR0637,C047,359888,12.285714285714286,12.0,2.2168188275738085,21,12,2025-08-23
AR0001,C042,94905,11.866666666666667,12.0,2.3864697976798483,15,12,2025-08-23
AR0254,C008,81586,0.5,0.5,1.0801234497346437,10,-1,2025-08-25
AR0181,C016,318765,3.6875,4.0,1.01447851956888,16,5,2025-08-26
AR0320,C041,496781,11.357142857142858,11.5,2.4371213428059835,14,12,2025-08-26
AR0538,C029,376572,0.0625,0.0,1.2893796958227628,16,2,2025-08-27
AR0533,C024,441350,11.105263157894736,11.0,2.5580968803238875,19,10,2025-08-28
AR0009,C039,297408,17.555555555555557,19.0,6.064468466220084,9,11,2025-08-28
AR0273,C005,429744,3.1739130434782608,3.0,1.1928641587313162,23,4,2025-08-29
AR0484,C025,42824,12.1875,12.0,2.1975364995072697,16,14,2025-08-29
AR0267,C048,389742,0.3333333333333333,0.0,0.7071067811865476,9,1,2025-08-31
AR0594,C039,159214,17.555555555555557,19.0,6.064468466220084,9,9,2025-08-31
AR0116,C033,436145,11.071428571428571,11.0,2.84102597162162,14,10,2025-08-31
AR0036,C016,443360,3.6875,4.0,1.01447851956888,16,5,2025-08-31
AR0188,C045,412434,-0.0526315789473684,0.0,1.223550580642996,19,1,2025-09-01
AR0131,C048,294360,0.3333333333333333,0.0,0.7071067811865476,9,0,2025-09-01
AR0625,C042,310868,11.866666666666667,12.0,2.3864697976798483,15,11,2025-09-01
AR0604,C043,339826,4.055555555555555,4.5,1.109966730938747,18,5,2025-09-02
AR0643,C009,218108,16.08,18.0,11.269131880199703,25,10,2025-09-02
AR0652,C009,115359,16.08,18.0,11.269131880199703,25,24,2025-09-02
AR0054,C038,326183,0.0625,0.0,1.4818344486930155,16,2,2025-09-02
AR0205,C031,288571,17.642857142857142,18.5,7.088529660462227,14,16,2025-09-03
AR0491,C045,403892,-0.0526315789473684,0.0,1.223550580642996,19,-1,2025-09-03
AR0535,C026,339957,3.363636363636364,4.0,1.2060453783110547,11,5,2025-09-03
AR0047,C032,151874,0.1666666666666666,0.0,1.2673044646258471,12,1,2025-09-04
AR0607,C040,138921,-0.4736842105263157,-1.0,1.4286131990551607,19,-1,2025-09-05
AR0198,C014,189709,4.0,4.0,0.6324555320336759,6,4,2025-09-05
AR0256,C027,307715,4.0,4.5,1.1094003924504583,14,3,2025-09-05
AR0250,C045,96211,-0.0526315789473684,0.0,1.223550580642996,19,-2,2025-09-06
AR0445,C050,138765,-0.4,-1.0,1.5491933384829668,15,-1,2025-09-06
AR0034,C043,152169,4.055555555555555,4.5,1.109966730938747,18,3,2025-09-06
AR0051,C043,116331,4.055555555555555,4.5,1.109966730938747,18,3,2025-09-07
AR0277,C041,548985,11.357142857142858,11.5,2.4371213428059835,14,8,2025-09-07
AR0183,C012,150892,-0.75,-1.0,1.2154310870109943,12,0,2025-09-07
AR0076,C033,174407,11.071428571428571,11.0,2.84102597162162,14,8,2025-09-08
AR0173,C027,86631,4.0,4.5,1.1094003924504583,14,5,2025-09-08
AR0590,C035,450320,11.727272727272728,12.0,1.902151891459201,11,12,2025-09-08
AR0238,C041,78012,11.357142857142858,11.5,2.4371213428059835,14,15,2025-09-09
AR0524,C045,143693,-0.0526315789473684,0.0,1.223550580642996,19,-2,2025-09-09
AR0230,C035,286937,11.727272727272728,12.0,1.902151891459201,11,9,2025-09-10
AR0299,C039,525144,17.555555555555557,19.0,6.064468466220084,9,13,2025-09-12
AR0478,C008,382792,0.5,0.5,1.0801234497346437,10,2,2025-09-13
AR0247,C040,400078,-0.4736842105263157,-1.0,1.4286131990551607,19,1,2025-09-13
AR0308,C034,573769,11.090909090909092,11.0,2.1191765124474857,11,12,2025-09-14
AR0601,C027,490254,4.0,4.5,1.1094003924504583,14,5,2025-09-14
AR0547,C006,409471,4.142857142857143,4.0,0.9492622930986468,14,3,2025-09-15
AR0688,C009,197405,16.08,18.0,11.269131880199703,25,9,2025-09-15
AR0541,C028,572096,10.7,11.0,1.9465068427541912,10,8,2025-09-15
AR0659,C036,144886,0.3333333333333333,1.0,1.5430334996209192,15,2,2025-09-16
AR0635,C009,305183,16.08,18.0,11.269131880199703,25,12,2025-09-16
AR0355,C030,388030,0.2857142857142857,1.0,1.3469542361512192,21,1,2025-09-16
AR0447,C007,487783,0.6153846153846154,1.0,1.1929278784054478,13,2,2025-09-17
AR0260,C022,184086,3.6666666666666665,3.5,1.1547005383792517,12,2,2025-09-17
AR0016,C041,390166,11.357142857142858,11.5,2.4371213428059835,14,11,2025-09-17
AR0530,C024,158202,11.105263157894736,11.0,2.5580968803238875,19,9,2025-09-18
AR0005,C009,320555,16.08,18.0,11.269131880199703,25,0,2025-09-18
AR0408,C005,404790,3.1739130434782608,3.0,1.1928641587313162,23,2,2025-09-19
AR0409,C034,139910,11.090909090909092,11.0,2.1191765124474857,11,13,2025-09-19
AR0511,C024,506005,11.105263157894736,11.0,2.5580968803238875,19,10,2025-09-20
AR0641,C028,220717,10.7,11.0,1.9465068427541912,10,9,2025-09-21
AR0033,C005,166499,3.1739130434782608,3.0,1.1928641587313162,23,4,2025-09-21
AR0027,C029,295214,0.0625,0.0,1.2893796958227628,16,-2,2025-09-22
AR0502,C024,183813,11.105263157894736,11.0,2.5580968803238875,19,9,2025-09-23
AR0236,C031,415814,17.642857142857142,18.5,7.088529660462227,14,23,2025-09-23
AR0542,C008,115257,0.5,0.5,1.0801234497346437,10,0,2025-09-23
AR0544,C023,562577,16.76923076923077,15.0,8.603815492305785,13,13,2025-09-23
AR0521,C032,256325,0.1666666666666666,0.0,1.2673044646258471,12,2,2025-09-23
AR0691,C043,156273,4.055555555555555,4.5,1.109966730938747,18,5,2025-09-24
AR0133,C050,315178,-0.4,-1.0,1.5491933384829668,15,-1,2025-09-24
AR0176,C047,415181,12.285714285714286,12.0,2.2168188275738085,21,12,2025-09-25
AR0060,C037,213748,12.357142857142858,12.0,11.76439964048735,14,11,2025-09-25
AR0596,C011,402258,0.2727272727272727,1.0,1.5550504230351565,11,2,2025-09-26
AR0431,C029,338180,0.0625,0.0,1.2893796958227628,16,2,2025-09-26
AR0448,C048,45758,0.3333333333333333,0.0,0.7071067811865476,9,0,2025-09-27
AR0458,C033,275422,11.071428571428571,11.0,2.84102597162162,14,10,2025-09-28
AR0018,C035,23343,11.727272727272728,12.0,1.902151891459201,11,13,2025-09-29
AR0379,C006,152709,4.142857142857143,4.0,0.9492622930986468,14,5,2025-09-29
AR0128,C043,359992,4.055555555555555,4.5,1.109966730938747,18,4,2025-09-29
AR0395,C025,447264,12.1875,12.0,2.1975364995072697,16,11,2025-09-30
AR0022,C005,484744,3.1739130434782608,3.0,1.1928641587313162,23,3,2025-09-30
AR0276,C044,285004,0.4285714285714285,0.5,1.5045717874984443,14,0,2025-10-01
AR0455,C015,189010,-0.5,-1.0,1.5055453054181618,16,0,2025-10-01
AR0201,C046,112274,3.4545454545454546,4.0,0.9341987329938276,11,4,2025-10-01
AR0011,C044,537778,0.4285714285714285,0.5,1.5045717874984443,14,0,2025-10-02
AR0573,C019,31573,13.941176470588236,16.0,13.320428804261962,17,1,2025-10-02
AR0655,C049,572618,3.5625,3.5,1.2093386622447824,16,3,2025-10-03
AR0697,C012,348738,-0.75,-1.0,1.2154310870109943,12,-1,2025-10-03
AR0104,C034,494143,11.090909090909092,11.0,2.1191765124474857,11,11,2025-10-03
AR0144,C027,535486,4.0,4.5,1.1094003924504583,14,3,2025-10-03
AR0177,C040,553975,-0.4736842105263157,-1.0,1.4286131990551607,19,1,2025-10-03
AR0307,C009,623372,16.08,18.0,11.269131880199703,25,18,2025-10-04
AR0687,C015,174084,-0.5,-1.0,1.5055453054181618,16,-2,2025-10-04
AR0528,C036,223902,0.3333333333333333,1.0,1.5430334996209192,15,0,2025-10-05
AR0069,C029,505514,0.0625,0.0,1.2893796958227628,16,0,2025-10-06
AR0679,C044,315074,0.4285714285714285,0.5,1.5045717874984443,14,2,2025-10-06
AR0634,C042,383360,11.866666666666667,12.0,2.3864697976798483,15,15,2025-10-06
AR0554,C041,223432,11.357142857142858,11.5,2.4371213428059835,14,12,2025-10-07
AR0606,C022,267472,3.6666666666666665,3.5,1.1547005383792517,12,4,2025-10-07
AR0193,C028,251457,10.7,11.0,1.9465068427541912,10,13,2025-10-09
AR0654,C045,648138,-0.0526315789473684,0.0,1.223550580642996,19,1,2025-10-09
AR0624,C001,133647,-0.5454545454545454,-1.0,1.2933395813657265,11,1,2025-10-09
AR0257,C030,124584,0.2857142857142857,1.0,1.3469542361512192,21,1,2025-10-10
AR0083,C038,126935,0.0625,0.0,1.4818344486930155,16,1,2025-10-10
AR0073,C048,131948,0.3333333333333333,0.0,0.7071067811865476,9,0,2025-10-11
AR0071,C043,230048,4.055555555555555,4.5,1.109966730938747,18,2,2025-10-11
AR0192,C031,387861,17.642857142857142,18.5,7.088529660462227,14,17,2025-10-11
AR0187,C032,542744,0.1666666666666666,0.0,1.2673044646258471,12,-1,2025-10-12
AR0364,C009,66881,16.08,18.0,11.269131880199703,25,30,2025-10-12
AR0582,C022,275187,3.6666666666666665,3.5,1.1547005383792517,12,3,2025-10-13
AR0608,C018,229448,3.4,3.0,1.07496769977314,10,3,2025-10-13
AR0700,C027,387228,4.0,4.5,1.1094003924504583,14,3,2025-10-13
AR0396,C033,593992,11.071428571428571,11.0,2.84102597162162,14,13,2025-10-14
AR0440,C020,282734,11.133333333333333,12.0,2.065591117977289,15,13,2025-10-14
AR0577,C037,158671,12.357142857142858,12.0,11.76439964048735,14,18,2025-10-15
AR0658,C005,102477,3.1739130434782608,3.0,1.1928641587313162,23,2,2025-10-16
AR0665,C030,65351,0.2857142857142857,1.0,1.3469542361512192,21,2,2025-10-16
AR0065,C040,94143,-0.4736842105263157,-1.0,1.4286131990551607,19,-2,2025-10-16
AR0415,C049,543912,3.5625,3.5,1.2093386622447824,16,5,2025-10-16
AR0377,C010,474028,0.2222222222222222,1.0,1.3017082793177757,9,1,2025-10-17
AR0416,C044,464245,0.4285714285714285,0.5,1.5045717874984443,14,2,2025-10-17
AR0639,C019,485654,13.941176470588236,16.0,13.320428804261962,17,7,2025-10-18
AR0382,C050,432369,-0.4,-1.0,1.5491933384829668,15,-2,2025-10-18
