invoice_id,customer_id,amount,due_date,predicted_delay,predicted_payment_date,expected_inflow
AR0081,C001,59449,2025-03-29,-0.53,2025-03-28,59449
AR0272,C001,270187,2025-04-14,-0.68,2025-04-13,270187
AR0391,C001,178030,2025-05-15,-0.76,2025-05-14,178030
AR0668,C001,323201,2025-05-22,-1.41,2025-05-21,323201
AR0644,C001,221103,2025-06-13,-0.32,2025-06-13,221103
AR0014,C001,282451,2025-06-14,-1.16,2025-06-13,282451
AR0314,C001,301318,2025-06-15,-1.31,2025-06-14,301318
AR0632,C001,365441,2025-07-02,1.15,2025-07-03,365441
AR0143,C001,203042,2025-07-30,0.61,2025-07-31,203042
AR0624,C001,133647,2025-11-08,0.6,2025-11-09,133647
AR0481,C001,266470,2025-12-11,-0.4,2025-12-11,266470
AR0282,C002,190065,2025-02-23,1.98,2025-02-25,190065
AR0233,C002,140022,2025-03-18,1.16,2025-03-19,140022
AR0098,C002,551793,2025-03-31,0.03,2025-03-31,551793
AR0512,C002,534689,2025-04-14,1.23,2025-04-15,534689
AR0375,C002,163272,2025-05-03,0.04,2025-05-03,163272
AR0473,C002,133065,2025-06-11,-0.69,2025-06-10,133065
AR0532,C002,310466,2025-08-03,1.54,2025-08-05,310466
AR0029,C002,403538,2025-11-28,0.68,2025-11-29,403538
AR0374,C002,474360,2025-12-08,0.52,2025-12-09,474360
AR0318,C002,628670,2025-12-14,0.2,2025-12-14,628670
AR0479,C002,377266,2025-12-20,0.44,2025-12-20,377266
AR0078,C003,194879,2025-02-01,8.24,2025-02-09,194879
AR0322,C003,179574,2025-02-19,17.11,2025-03-08,179574
AR0202,C003,310119,2025-02-27,11.31,2025-03-10,310119
AR0422,C003,213324,2025-03-01,11.4,2025-03-12,213324
AR0221,C003,171049,2025-05-29,11.3,2025-06-09,171049
AR0120,C003,269108,2025-06-05,9.38,2025-06-14,269108
AR0430,C003,390997,2025-06-06,13.64,2025-06-20,390997
AR0493,C003,125691,2025-06-30,9.51,2025-07-10,125691
AR0085,C003,130140,2025-08-02,11.34,2025-08-13,130140
AR0630,C003,433118,2025-08-22,14.52,2025-09-06,433118
AR0669,C003,200632,2025-09-04,9.63,2025-09-14,200632
AR0243,C003,66168,2025-09-20,12.2,2025-10-02,66168
AR0598,C003,503456,2025-11-20,11.36,2025-12-01,503456
AR0103,C003,323204,2026-01-28,10.89,2026-02-08,323204
AR0571,C004,167511,2025-02-25,4.4,2025-03-01,167511
AR0383,C004,117907,2025-04-20,2.72,2025-04-23,117907
AR0048,C004,251494,2025-04-25,2.7,2025-04-28,251494
AR0053,C004,57466,2025-07-10,2.58,2025-07-13,57466
AR0335,C004,169855,2025-07-20,3.07,2025-07-23,169855
AR0694,C004,410874,2025-07-26,4.72,2025-07-31,410874
AR0157,C004,158189,2025-07-29,2.6,2025-08-01,158189
AR0466,C004,283196,2025-08-21,4.1,2025-08-25,283196
AR0040,C004,401793,2025-08-25,3.78,2025-08-29,401793
AR0460,C004,353557,2025-12-25,3.67,2025-12-29,353557
AR0045,C004,394449,2025-12-30,3.66,2026-01-03,394449
AR0648,C004,106577,2026-01-07,3.74,2026-01-11,106577
AR0032,C005,470696,2025-02-16,4.49,2025-02-20,470696
AR0352,C005,188879,2025-03-13,3.5,2025-03-17,188879
AR0362,C005,456088,2025-03-18,2.74,2025-03-21,456088
AR0684,C005,331397,2025-03-23,2.67,2025-03-26,331397
AR0353,C005,188815,2025-04-05,3.74,2025-04-09,188815
AR0537,C005,214144,2025-04-05,3.42,2025-04-08,214144
AR0378,C005,469753,2025-04-13,2.51,2025-04-16,469753
AR0514,C005,428166,2025-05-31,3.98,2025-06-04,428166
AR0259,C005,425104,2025-06-21,4.46,2025-06-25,425104
AR0421,C005,301398,2025-07-08,4.34,2025-07-12,301398
AR0435,C005,79980,2025-07-18,4.54,2025-07-23,79980
AR0397,C005,471812,2025-08-22,2.46,2025-08-24,471812
AR0044,C005,443636,2025-09-14,2.66,2025-09-17,443636
AR0292,C005,201175,2025-09-14,4.12,2025-09-18,201175
AR0273,C005,429744,2025-09-28,3.88,2025-10-02,429744
AR0408,C005,404790,2025-10-19,2.69,2025-10-22,404790
AR0033,C005,166499,2025-10-21,3.7,2025-10-25,166499
AR0022,C005,484744,2025-10-30,3.6,2025-11-03,484744
AR0658,C005,102477,2025-11-15,2.96,2025-11-18,102477
AR0208,C005,455013,2025-11-22,2.88,2025-11-25,455013
AR0167,C005,496704,2025-11-30,3.39,2025-12-03,496704
AR0423,C005,615049,2025-12-27,3.08,2025-12-30,615049
AR0510,C005,460512,2026-01-09,3.02,2026-01-12,460512
AR0551,C006,356306,2025-02-23,5.8,2025-03-01,356306
AR0118,C006,372738,2025-05-31,3.88,2025-06-04,372738
AR0046,C006,107194,2025-06-01,4.66,2025-06-06,107194
AR0186,C006,397526,2025-06-03,4.29,2025-06-07,397526
AR0545,C006,122918,2025-06-08,3.9,2025-06-12,122918
AR0180,C006,482228,2025-06-22,4.27,2025-06-26,482228
AR0569,C006,284998,2025-08-20,4.61,2025-08-25,284998
AR0363,C006,70627,2025-09-09,3.88,2025-09-13,70627
AR0547,C006,409471,2025-10-15,3.59,2025-10-19,409471
AR0379,C006,152709,2025-10-29,4.62,2025-11-03,152709
AR0077,C006,314697,2025-12-21,4.03,2025-12-25,314697
AR0151,C006,318130,2025-12-26,3.46,2025-12-29,318130
AR0442,C006,482965,2025-12-27,4.08,2025-12-31,482965
AR0334,C006,170565,2026-01-05,3.89,2026-01-09,170565
AR0204,C007,320974,2025-02-06,0.48,2025-02-06,320974
AR0564,C007,172154,2025-02-25,0.88,2025-02-26,172154
AR0199,C007,175318,2025-05-10,-0.55,2025-05-09,175318
AR0041,C007,120448,2025-06-07,-0.42,2025-06-07,120448
AR0633,C007,194570,2025-07-21,0.6,2025-07-22,194570
AR0447,C007,487783,2025-10-17,1.54,2025-10-19,487783
AR0100,C007,322186,2025-12-02,0.64,2025-12-03,322186
AR0619,C007,530972,2025-12-12,0.56,2025-12-13,530972
AR0317,C007,185367,2026-01-11,0.08,2026-01-11,185367
AR0623,C007,551333,2026-01-14,-0.38,2026-01-14,551333
AR0331,C007,276365,2026-01-17,-0.66,2026-01-16,276365
AR0168,C007,552502,2026-01-22,-0.06,2026-01-22,552502
AR0356,C007,103980,2026-01-25,-1.23,2026-01-24,103980
AR0476,C008,145010,2025-02-24,1.39,2025-02-25,145010
AR0207,C008,230086,2025-03-05,0.7,2025-03-06,230086
AR0323,C008,143102,2025-03-21,1.47,2025-03-22,143102
AR0522,C008,426304,2025-06-14,0.06,2025-06-14,426304
AR0462,C008,63974,2025-06-25,-0.43,2025-06-25,63974
AR0475,C008,144591,2025-06-27,-0.19,2025-06-27,144591
AR0127,C008,89908,2025-09-21,0.63,2025-09-22,89908
AR0254,C008,81586,2025-09-24,-0.52,2025-09-23,81586
AR0478,C008,382792,2025-10-13,1.66,2025-10-15,382792
AR0542,C008,115257,2025-10-23,0.14,2025-10-23,115257
AR0341,C009,207822,2025-02-07,11.8,2025-02-19,207822
AR0470,C009,170407,2025-02-19,21.06,2025-03-12,170407
AR0084,C009,181616,2025-02-21,18.56,2025-03-12,181616
AR0489,C009,204706,2025-02-22,24.82,2025-03-19,204706
AR0492,C009,395413,2025-03-04,20.0,2025-03-24,395413
AR0525,C009,257000,2025-03-09,6.69,2025-03-16,257000
AR0581,C009,226518,2025-03-21,17.36,2025-04-07,226518
AR0446,C009,69524,2025-04-20,14.54,2025-05-05,69524
AR0002,C009,410588,2025-06-06,26.13,2025-07-02,410588
AR0072,C009,80517,2025-06-15,7.41,2025-06-22,80517
AR0585,C009,507735,2025-07-20,21.48,2025-08-10,507735
AR0067,C009,554099,2025-07-28,7.44,2025-08-04,554099
AR0324,C009,257839,2025-08-17,16.51,2025-09-03,257839
AR0643,C009,218108,2025-10-02,13.38,2025-10-15,218108
AR0652,C009,115359,2025-10-02,14.98,2025-10-17,115359
AR0688,C009,197405,2025-10-15,12.28,2025-10-27,197405
AR0635,C009,305183,2025-10-16,15.84,2025-11-01,305183
AR0005,C009,320555,2025-10-18,6.66,2025-10-25,320555
AR0307,C009,623372,2025-11-03,16.68,2025-11-20,623372
AR0364,C009,66881,2025-11-11,20.76,2025-12-02,66881
AR0439,C009,509122,2025-12-01,15.58,2025-12-17,509122
AR0149,C009,390044,2025-12-15,17.02,2026-01-01,390044
AR0546,C009,232397,2025-12-17,14.68,2026-01-01,232397
AR0023,C009,349939,2026-01-03,17.17,2026-01-20,349939
AR0441,C009,505030,2026-01-09,14.08,2026-01-23,505030
AR0428,C010,256203,2025-03-03,0.4,2025-03-03,256203
AR0226,C010,51267,2025-03-08,-0.34,2025-03-08,51267
AR0209,C010,512062,2025-04-17,1.67,2025-04-19,512062
AR0284,C010,298484,2025-06-05,0.72,2025-06-06,298484
AR0559,C010,542415,2025-07-10,0.16,2025-07-10,542415
AR0017,C010,419775,2025-08-10,-0.46,2025-08-10,419775
AR0262,C010,302371,2025-09-16,0.86,2025-09-17,302371
AR0377,C010,474028,2025-11-16,1.0,2025-11-17,474028
AR0007,C010,135038,2025-12-18,0.12,2025-12-18,135038
AR0219,C011,234180,2025-02-01,2.24,2025-02-03,234180
AR0055,C011,286248,2025-03-01,-1.17,2025-02-28,286248
AR0543,C011,217542,2025-04-23,-0.81,2025-04-22,217542
AR0286,C011,70612,2025-04-30,0.92,2025-05-01,70612
AR0309,C011,499224,2025-06-11,0.72,2025-06-12,499224
AR0024,C011,296653,2025-06-15,1.18,2025-06-16,296653
AR0432,C011,215481,2025-08-05,-0.08,2025-08-05,215481
AR0557,C011,237905,2025-09-13,0.71,2025-09-14,237905
AR0596,C011,402258,2025-10-26,1.31,2025-10-27,402258
AR0163,C011,439883,2025-12-07,0.91,2025-12-08,439883
AR0529,C011,509619,2026-01-30,0.66,2026-01-31,509619
AR0206,C012,152371,2025-02-26,2.64,2025-03-01,152371
AR0056,C012,331969,2025-03-07,-1.27,2025-03-06,331969
AR0340,C012,366584,2025-03-28,-1.24,2025-03-27,366584
AR0672,C012,484741,2025-04-10,0.62,2025-04-11,484741
AR0043,C012,262550,2025-06-22,-0.7,2025-06-21,262550
AR0631,C012,479665,2025-06-28,-0.94,2025-06-27,479665
AR0088,C012,32995,2025-08-30,-0.62,2025-08-29,32995
AR0629,C012,482550,2025-09-01,-0.73,2025-08-31,482550
AR0183,C012,150892,2025-10-07,0.08,2025-10-07,150892
AR0697,C012,348738,2025-11-02,-0.7,2025-11-01,348738
AR0099,C012,206934,2025-11-24,0.86,2025-11-25,206934
AR0640,C012,609527,2025-12-09,0.76,2025-12-10,609527
AR0599,C013,251231,2025-02-09,2.8,2025-02-12,251231
AR0494,C013,185463,2025-02-21,4.0,2025-02-25,185463
AR0037,C013,70819,2025-03-20,4.66,2025-03-25,70819
AR0636,C013,193373,2025-03-29,3.4,2025-04-01,193373
AR0531,C013,165734,2025-04-12,4.8,2025-04-17,165734
AR0567,C013,323419,2025-04-22,4.46,2025-04-26,323419
AR0412,C013,386204,2025-04-29,3.22,2025-05-02,386204
AR0110,C013,368614,2025-09-03,4.69,2025-09-08,368614
AR0258,C013,372403,2025-12-03,4.04,2025-12-07,372403
AR0583,C013,373003,2025-12-05,3.94,2025-12-09,373003
AR0459,C013,120328,2025-12-06,3.8,2025-12-10,120328
AR0122,C013,287709,2026-01-22,4.16,2026-01-26,287709
AR0369,C014,418965,2025-04-20,4.82,2025-04-25,418965
AR0617,C014,454085,2025-05-14,3.84,2025-05-18,454085
AR0198,C014,189709,2025-10-05,3.74,2025-10-09,189709
AR0337,C014,173186,2025-11-27,3.41,2025-11-30,173186
AR0061,C014,514137,2026-01-08,3.16,2026-01-11,514137
AR0075,C014,458279,2026-01-17,3.31,2026-01-20,458279
AR0094,C015,366047,2025-02-12,4.46,2025-02-16,366047
AR0468,C015,187082,2025-02-14,-1.38,2025-02-13,187082
AR0279,C015,247526,2025-03-18,-1.11,2025-03-17,247526
AR0370,C015,203560,2025-03-27,1.19,2025-03-28,203560
AR0125,C015,441585,2025-05-01,0.85,2025-05-02,441585
AR0119,C015,97255,2025-05-12,-1.11,2025-05-11,97255
AR0698,C015,540037,2025-07-03,-0.41,2025-07-03,540037
AR0407,C015,492754,2025-07-20,-0.56,2025-07-19,492754
AR0137,C015,383829,2025-08-15,-0.86,2025-08-14,383829
AR0390,C015,334218,2025-08-21,-1.39,2025-08-20,334218
AR0190,C015,382695,2025-08-26,-0.86,2025-08-25,382695
AR0266,C015,42883,2025-08-29,-0.04,2025-08-29,42883
AR0358,C015,197697,2025-08-30,0.35,2025-08-30,197697
AR0455,C015,189010,2025-10-31,-0.3,2025-10-31,189010
AR0687,C015,174084,2025-11-03,-1.46,2025-11-02,174084
AR0301,C015,155587,2025-12-22,-0.55,2025-12-21,155587
AR0686,C016,230902,2025-02-22,5.15,2025-02-27,230902
AR0411,C016,96778,2025-03-24,3.84,2025-03-28,96778
AR0520,C016,33586,2025-03-30,3.3,2025-04-02,33586
AR0480,C016,198616,2025-04-14,4.7,2025-04-19,198616
AR0218,C016,355812,2025-04-29,2.98,2025-05-02,355812
AR0159,C016,459997,2025-05-13,2.86,2025-05-16,459997
AR0570,C016,325840,2025-05-21,3.98,2025-05-25,325840
AR0028,C016,53568,2025-05-26,4.04,2025-05-30,53568
AR0620,C016,46615,2025-06-04,3.48,2025-06-07,46615
AR0062,C016,227505,2025-06-15,3.3,2025-06-18,227505
AR0135,C016,196080,2025-06-19,3.87,2025-06-23,196080
AR0690,C016,551322,2025-07-04,3.24,2025-07-07,551322
AR0068,C016,169415,2025-08-08,3.26,2025-08-11,169415
AR0467,C016,62784,2025-08-16,4.07,2025-08-20,62784
AR0181,C016,318765,2025-09-25,4.51,2025-09-30,318765
AR0036,C016,443360,2025-09-30,4.11,2025-10-04,443360
AR0496,C017,414941,2025-02-18,7.16,2025-02-25,414941
AR0343,C017,86457,2025-02-26,20.43,2025-03-18,86457
AR0195,C017,83258,2025-05-29,9.18,2025-06-07,83258
AR0244,C017,92892,2025-07-15,17.96,2025-08-02,92892
AR0184,C017,191614,2025-07-24,12.09,2025-08-05,191614
AR0223,C017,427984,2025-12-17,12.06,2025-12-29,427984
AR0217,C017,81334,2026-01-04,13.24,2026-01-17,81334
AR0290,C017,32403,2026-01-07,18.55,2026-01-26,32403
AR0302,C017,540982,2026-01-13,12.38,2026-01-25,540982
AR0298,C018,316709,2025-02-04,1.3,2025-02-05,316709
AR0339,C018,101375,2025-04-15,3.14,2025-04-18,101375
AR0237,C018,326881,2025-05-03,4.69,2025-05-08,326881
AR0333,C018,84046,2025-05-08,4.57,2025-05-13,84046
AR0179,C018,536523,2025-07-15,3.18,2025-07-18,536523
AR0155,C018,152262,2025-09-03,2.56,2025-09-06,152262
AR0134,C018,60623,2025-09-13,4.07,2025-09-17,60623
AR0463,C018,494641,2025-09-18,3.57,2025-09-22,494641
AR0563,C018,149980,2025-09-18,3.86,2025-09-22,149980
AR0608,C018,229448,2025-11-12,3.12,2025-11-15,229448
AR0615,C019,201594,2025-03-12,18.36,2025-03-30,201594
AR0401,C019,232353,2025-03-30,4.07,2025-04-03,232353
AR0612,C019,368767,2025-04-03,26.18,2025-04-29,368767
AR0052,C019,50662,2025-05-22,23.96,2025-06-15,50662
AR0436,C019,399444,2025-06-09,4.62,2025-06-14,399444
AR0261,C019,527939,2025-07-02,18.1,2025-07-20,527939
AR0393,C019,95341,2025-07-17,1.2,2025-07-18,95341
AR0310,C019,507896,2025-07-23,9.23,2025-08-01,507896
AR0497,C019,472008,2025-08-01,4.86,2025-08-06,472008
AR0283,C019,216524,2025-08-02,18.58,2025-08-21,216524
AR0050,C019,385214,2025-09-04,23.51,2025-09-28,385214
AR0013,C019,102920,2025-09-10,17.38,2025-09-27,102920
AR0573,C019,31573,2025-11-01,6.88,2025-11-08,31573
AR0639,C019,485654,2025-11-17,8.54,2025-11-26,485654
AR0074,C019,169559,2025-12-06,12.94,2025-12-19,169559
AR0242,C019,298937,2026-01-05,12.74,2026-01-18,298937
AR0291,C019,398546,2026-01-12,15.25,2026-01-27,398546
AR0210,C020,150123,2025-03-15,6.15,2025-03-21,150123
AR0649,C020,267438,2025-04-22,12.48,2025-05-04,267438
AR0444,C020,132298,2025-05-03,13.12,2025-05-16,132298
AR0020,C020,50369,2025-06-02,11.48,2025-06-13,50369
AR0692,C020,51959,2025-06-20,10.45,2025-06-30,51959
AR0113,C020,130196,2025-06-26,12.85,2025-07-09,130196
AR0609,C020,389571,2025-06-27,11.4,2025-07-08,389571
AR0112,C020,307276,2025-08-26,8.98,2025-09-04,307276
AR0304,C020,37492,2025-09-13,12.63,2025-09-26,37492
AR0556,C020,58258,2025-09-20,9.87,2025-09-30,58258
AR0440,C020,282734,2025-11-13,12.64,2025-11-26,282734
AR0214,C020,318279,2025-11-28,11.56,2025-12-10,318279
AR0227,C020,536469,2025-12-01,11.27,2025-12-12,536469
AR0191,C020,422372,2026-01-05,12.6,2026-01-18,422372
AR0593,C020,454886,2026-01-18,10.99,2026-01-29,454886
AR0064,C021,24883,2025-03-09,0.34,2025-03-09,24883
AR0505,C021,61979,2025-03-24,0.28,2025-03-24,61979
AR0196,C021,470905,2025-04-02,1.34,2025-04-03,470905
AR0402,C021,506141,2025-04-28,1.65,2025-04-30,506141
AR0605,C021,300145,2025-04-29,0.98,2025-04-30,300145
AR0562,C021,264565,2025-06-03,-1.45,2025-06-02,264565
AR0154,C021,481968,2025-07-22,0.81,2025-07-23,481968
AR0306,C021,112085,2025-08-31,-0.75,2025-08-30,112085
AR0360,C021,183852,2025-09-06,0.02,2025-09-06,183852
AR0399,C021,318588,2025-11-21,0.84,2025-11-22,318588
AR0566,C021,517501,2025-11-22,-0.12,2025-11-22,517501
AR0427,C021,350175,2025-12-06,0.46,2025-12-06,350175
AR0319,C021,176878,2025-12-09,-0.55,2025-12-08,176878
AR0587,C021,243101,2025-12-10,-0.31,2025-12-10,243101
AR0417,C021,241471,2025-12-18,0.2,2025-12-18,241471
AR0182,C022,279158,2025-02-14,4.15,2025-02-18,279158
AR0437,C022,325523,2025-03-13,3.46,2025-03-16,325523
AR0429,C022,284528,2025-03-15,3.22,2025-03-18,284528
AR0338,C022,498497,2025-04-16,2.64,2025-04-19,498497
AR0501,C022,280153,2025-05-06,4.54,2025-05-11,280153
AR0376,C022,26681,2025-07-29,3.05,2025-08-01,26681
AR0241,C022,383684,2025-08-29,4.26,2025-09-02,383684
AR0260,C022,184086,2025-10-17,2.42,2025-10-19,184086
AR0606,C022,267472,2025-11-06,3.9,2025-11-10,267472
AR0582,C022,275187,2025-11-12,3.19,2025-11-15,275187
AR0274,C022,498128,2025-12-16,2.8,2025-12-19,498128
AR0490,C022,145336,2025-12-26,3.64,2025-12-30,145336
AR0486,C023,200775,2025-03-06,12.01,2025-03-18,200775
AR0368,C023,322995,2025-03-25,22.31,2025-04-16,322995
AR0539,C023,552348,2025-04-06,23.05,2025-04-29,552348
AR0681,C023,189196,2025-04-20,7.28,2025-04-27,189196
AR0093,C023,517726,2025-07-06,13.93,2025-07-20,517726
AR0438,C023,418555,2025-07-08,20.35,2025-07-28,418555
AR0263,C023,355767,2025-07-20,24.29,2025-08-13,355767
AR0239,C023,194749,2025-08-28,15.36,2025-09-12,194749
AR0038,C023,235535,2025-09-04,20.38,2025-09-24,235535
AR0387,C023,78138,2025-09-08,12.58,2025-09-21,78138
AR0508,C023,42206,2025-09-16,16.58,2025-10-03,42206
AR0544,C023,562577,2025-10-23,13.4,2025-11-05,562577
AR0410,C023,581508,2025-12-27,16.7,2026-01-13,581508
AR0576,C024,230020,2025-02-23,7.1,2025-03-02,230020
AR0313,C024,434545,2025-03-18,15.22,2025-04-02,434545
AR0371,C024,419824,2025-03-30,12.08,2025-04-11,419824
AR0361,C024,437105,2025-04-19,13.77,2025-05-03,437105
AR0200,C024,178475,2025-05-02,8.8,2025-05-11,178475
AR0485,C024,411809,2025-06-09,9.54,2025-06-19,411809
AR0381,C024,458072,2025-07-09,12.66,2025-07-22,458072
AR0517,C024,252752,2025-08-09,9.75,2025-08-19,252752
AR0673,C024,255162,2025-08-14,12.84,2025-08-27,255162
AR0515,C024,317399,2025-08-15,8.98,2025-08-24,317399
AR0105,C024,56686,2025-09-08,12.6,2025-09-21,56686
AR0499,C024,486347,2025-09-11,12.86,2025-09-24,486347
AR0533,C024,441350,2025-09-27,10.8,2025-10-08,441350
AR0530,C024,158202,2025-10-18,9.51,2025-10-28,158202
AR0511,C024,506005,2025-10-20,10.99,2025-10-31,506005
AR0502,C024,183813,2025-10-23,10.68,2025-11-03,183813
AR0651,C024,176524,2025-12-11,12.64,2025-12-24,176524
AR0174,C024,633674,2025-12-22,12.36,2026-01-03,633674
AR0453,C024,516451,2026-01-12,12.32,2026-01-24,516451
AR0674,C025,377947,2025-03-13,5.28,2025-03-18,377947
AR0450,C025,120823,2025-04-19,12.34,2025-05-01,120823
AR0680,C025,149767,2025-05-28,14.42,2025-06-11,149767
AR0049,C025,431078,2025-06-15,14.16,2025-06-29,431078
AR0153,C025,150615,2025-07-17,13.3,2025-07-30,150615
AR0613,C025,449065,2025-08-21,12.6,2025-09-03,449065
AR0433,C025,426042,2025-08-28,12.48,2025-09-09,426042
AR0213,C025,496317,2025-09-18,13.42,2025-10-01,496317
AR0264,C025,188704,2025-09-21,10.71,2025-10-02,188704
AR0484,C025,42824,2025-09-28,13.28,2025-10-11,42824
AR0395,C025,447264,2025-10-30,11.75,2025-11-11,447264
AR0102,C025,155552,2025-11-22,11.7,2025-12-04,155552
AR0141,C025,500050,2025-11-26,10.3,2025-12-06,500050
AR0354,C025,387613,2025-12-02,12.07,2025-12-14,387613
AR0287,C025,491606,2025-12-14,11.2,2025-12-25,491606
AR0268,C025,566074,2026-01-05,12.74,2026-01-18,566074
AR0123,C026,97369,2025-06-04,1.78,2025-06-06,97369
AR0406,C026,472668,2025-07-08,3.24,2025-07-11,472668
AR0519,C026,414639,2025-07-10,4.16,2025-07-14,414639
AR0095,C026,190978,2025-07-18,2.5,2025-07-21,190978
AR0359,C026,402527,2025-08-31,2.64,2025-09-03,402527
AR0535,C026,339957,2025-10-03,4.6,2025-10-08,339957
AR0150,C026,410673,2025-11-30,3.6,2025-12-04,410673
AR0588,C026,529900,2025-12-12,3.62,2025-12-16,529900
AR0642,C026,91011,2026-01-08,3.92,2026-01-12,91011
AR0097,C026,601017,2026-01-13,3.52,2026-01-17,601017
AR0400,C026,462303,2026-01-29,2.88,2026-02-01,462303
AR0246,C027,118347,2025-02-27,3.22,2025-03-02,118347
AR0140,C027,128440,2025-03-03,4.7,2025-03-08,128440
AR0696,C027,203811,2025-04-17,4.81,2025-04-22,203811
AR0600,C027,271986,2025-04-18,3.3,2025-04-21,271986
AR0386,C027,133020,2025-06-19,2.63,2025-06-22,133020
AR0139,C027,350156,2025-07-19,4.71,2025-07-24,350156
AR0622,C027,455517,2025-07-19,3.32,2025-07-22,455517
AR0366,C027,478021,2025-07-31,4.5,2025-08-04,478021
AR0380,C027,198727,2025-09-20,3.55,2025-09-24,198727
AR0256,C027,307715,2025-10-05,3.17,2025-10-08,307715
AR0173,C027,86631,2025-10-08,4.44,2025-10-12,86631
AR0601,C027,490254,2025-10-14,4.72,2025-10-19,490254
AR0144,C027,535486,2025-11-02,3.38,2025-11-05,535486
AR0700,C027,387228,2025-11-12,3.1,2025-11-15,387228
AR0398,C028,261043,2025-02-09,5.65,2025-02-15,261043
AR0464,C028,497366,2025-03-18,11.81,2025-03-30,497366
AR0404,C028,147567,2025-03-26,15.22,2025-04-10,147567
AR0224,C028,305507,2025-03-30,11.04,2025-04-10,305507
AR0574,C028,555059,2025-04-09,11.4,2025-04-20,555059
AR0025,C028,302746,2025-05-19,11.0,2025-05-30,302746
AR0541,C028,572096,2025-10-15,9.36,2025-10-24,572096
AR0641,C028,220717,2025-10-21,10.42,2025-10-31,220717
AR0193,C028,251457,2025-11-08,12.66,2025-11-21,251457
AR0171,C028,278570,2026-01-04,11.73,2026-01-16,278570
AR0189,C029,68786,2025-02-08,-0.06,2025-02-08,68786
AR0418,C029,265849,2025-03-06,0.49,2025-03-06,265849
AR0271,C029,295749,2025-03-23,0.56,2025-03-24,295749
AR0228,C029,305591,2025-04-04,0.2,2025-04-04,305591
AR0281,C029,441434,2025-04-26,0.22,2025-04-26,441434
AR0330,C029,468502,2025-05-31,0.44,2025-05-31,468502
AR0645,C029,192818,2025-06-16,0.28,2025-06-16,192818
AR0465,C029,39079,2025-07-28,0.39,2025-07-28,39079
AR0538,C029,376572,2025-09-26,1.32,2025-09-27,376572
AR0027,C029,295214,2025-10-22,-1.22,2025-10-21,295214
AR0431,C029,338180,2025-10-26,1.4,2025-10-27,338180
AR0069,C029,505514,2025-11-05,0.4,2025-11-05,505514
AR0426,C029,470275,2025-11-19,1.43,2025-11-20,470275
AR0685,C029,484032,2025-12-03,1.16,2025-12-04,484032
AR0454,C029,220199,2025-12-09,0.64,2025-12-10,220199
AR0472,C029,29578,2025-12-12,-0.45,2025-12-12,29578
AR0126,C030,312241,2025-02-25,-0.1,2025-02-25,312241
AR0699,C030,314852,2025-03-01,0.1,2025-03-01,314852
AR0311,C030,93797,2025-03-10,-0.76,2025-03-09,93797
AR0664,C030,332452,2025-04-08,0.68,2025-04-09,332452
AR0152,C030,46363,2025-05-04,0.01,2025-05-04,46363
AR0558,C030,198358,2025-05-15,1.33,2025-05-16,198358
AR0457,C030,427961,2025-06-24,1.04,2025-06-25,427961
AR0294,C030,143114,2025-07-04,0.74,2025-07-05,143114
AR0315,C030,372755,2025-08-07,0.51,2025-08-08,372755
AR0121,C030,484590,2025-08-31,1.72,2025-09-02,484590
AR0178,C030,452922,2025-09-11,1.68,2025-09-13,452922
AR0115,C030,251819,2025-09-14,-0.46,2025-09-14,251819
AR0355,C030,388030,2025-10-16,0.84,2025-10-17,388030
AR0257,C030,124584,2025-11-09,0.8,2025-11-10,124584
AR0665,C030,65351,2025-11-15,0.96,2025-11-16,65351
AR0425,C030,403807,2025-11-24,0.94,2025-11-25,403807
AR0289,C030,199104,2025-12-23,0.02,2025-12-23,199104
AR0349,C030,47230,2025-12-26,-0.37,2025-12-26,47230
AR0666,C030,575972,2026-01-10,0.14,2026-01-10,575972
AR0403,C030,272629,2026-01-19,0.12,2026-01-19,272629
AR0162,C030,200648,2026-01-24,0.06,2026-01-24,200648
AR0591,C031,213125,2025-02-08,12.46,2025-02-20,213125
AR0156,C031,412704,2025-02-09,23.09,2025-03-04,412704
AR0671,C031,170518,2025-02-16,17.3,2025-03-05,170518
AR0295,C031,144364,2025-03-26,18.52,2025-04-14,144364
AR0456,C031,212854,2025-05-10,18.1,2025-05-28,212854
AR0092,C031,124633,2025-05-24,21.02,2025-06-14,124633
AR0555,C031,441888,2025-06-05,19.2,2025-06-24,441888
AR0611,C031,360934,2025-07-28,14.43,2025-08-11,360934
AR0350,C031,243490,2025-08-24,7.6,2025-09-01,243490
AR0345,C031,427904,2025-09-17,18.23,2025-10-05,427904
AR0205,C031,288571,2025-10-03,16.23,2025-10-19,288571
AR0236,C031,415814,2025-10-23,20.58,2025-11-13,415814
AR0192,C031,387861,2025-11-10,18.32,2025-11-28,387861
AR0161,C031,103964,2026-01-08,17.38,2026-01-25,103964
AR0019,C032,78650,2025-02-09,0.28,2025-02-09,78650
AR0146,C032,223873,2025-02-14,-0.02,2025-02-14,223873
AR0269,C032,86189,2025-02-18,1.0,2025-02-19,86189
AR0145,C032,163096,2025-05-23,0.72,2025-05-24,163096
AR0255,C032,286795,2025-06-29,-0.04,2025-06-29,286795
AR0568,C032,322879,2025-07-07,-0.84,2025-07-06,322879
AR0394,C032,112114,2025-09-08,-0.54,2025-09-07,112114
AR0047,C032,151874,2025-10-04,0.56,2025-10-05,151874
AR0521,C032,256325,2025-10-23,1.34,2025-10-24,256325
AR0187,C032,542744,2025-11-11,-0.43,2025-11-11,542744
AR0288,C032,123544,2025-11-25,-0.1,2025-11-25,123544
AR0351,C032,646028,2026-01-30,0.48,2026-01-30,646028
AR0245,C033,364803,2025-01-31,9.74,2025-02-10,364803
AR0584,C033,43752,2025-02-20,11.64,2025-03-04,43752
AR0015,C033,476402,2025-03-26,11.79,2025-04-07,476402
AR0347,C033,342493,2025-05-24,8.76,2025-06-02,342493
AR0443,C033,29558,2025-08-04,12.14,2025-08-16,29558
AR0495,C033,447507,2025-08-22,13.82,2025-09-05,447507
AR0663,C033,443987,2025-09-16,9.57,2025-09-26,443987
AR0579,C033,420767,2025-09-18,11.85,2025-09-30,420767
AR0116,C033,436145,2025-09-30,10.83,2025-10-11,436145
AR0076,C033,174407,2025-10-08,8.68,2025-10-17,174407
AR0458,C033,275422,2025-10-28,11.22,2025-11-08,275422
AR0396,C033,593992,2025-11-13,12.84,2025-11-26,593992
AR0346,C033,100327,2025-11-30,11.05,2025-12-11,100327
AR0172,C033,258573,2025-12-28,10.9,2026-01-08,258573
AR0344,C034,410943,2025-03-30,7.9,2025-04-07,410943
AR0603,C034,314066,2025-05-17,13.35,2025-05-30,314066
AR0695,C034,442825,2025-07-13,13.26,2025-07-26,442825
AR0483,C034,55483,2025-08-03,9.48,2025-08-12,55483
AR0661,C034,80943,2025-09-14,11.22,2025-09-25,80943
AR0657,C034,296914,2025-09-16,12.23,2025-09-28,296914
AR0586,C034,98087,2025-09-21,10.74,2025-10-02,98087
AR0308,C034,573769,2025-10-14,11.84,2025-10-26,573769
AR0409,C034,139910,2025-10-19,12.04,2025-10-31,139910
AR0104,C034,494143,2025-11-02,11.1,2025-11-13,494143
AR0389,C034,236210,2026-01-07,10.82,2026-01-18,236210
AR0082,C035,457568,2025-02-18,9.72,2025-02-28,457568
AR0670,C035,488828,2025-03-02,10.73,2025-03-13,488828
AR0136,C035,92547,2025-03-13,10.72,2025-03-24,92547
AR0660,C035,122203,2025-04-17,12.68,2025-04-30,122203
AR0066,C035,285229,2025-05-20,11.88,2025-06-01,285229
AR0003,C035,411650,2025-06-14,13.16,2025-06-27,411650
AR0676,C035,297265,2025-08-20,10.23,2025-08-30,297265
AR0042,C035,93495,2025-09-17,13.18,2025-09-30,93495
AR0590,C035,450320,2025-10-08,12.3,2025-10-20,450320
AR0230,C035,286937,2025-10-10,9.52,2025-10-20,286937
AR0018,C035,23343,2025-10-29,12.78,2025-11-11,23343
AR0010,C036,376664,2025-02-05,0.36,2025-02-05,376664
AR0185,C036,290861,2025-02-05,2.98,2025-02-08,290861
AR0461,C036,392978,2025-03-24,1.52,2025-03-26,392978
AR0249,C036,196661,2025-04-08,0.52,2025-04-09,196661
AR0578,C036,58551,2025-06-27,0.5,2025-06-27,58551
AR0365,C036,426970,2025-07-18,-1.25,2025-07-17,426970
AR0253,C036,68868,2025-08-27,-0.65,2025-08-26,68868
AR0211,C036,337885,2025-09-01,1.12,2025-09-02,337885
AR0130,C036,490395,2025-09-16,-0.27,2025-09-16,490395
AR0659,C036,144886,2025-10-16,1.18,2025-10-17,144886
AR0528,C036,223902,2025-11-04,0.09,2025-11-04,223902
AR0474,C036,385715,2025-12-08,0.19,2025-12-08,385715
AR0373,C036,444195,2025-12-15,0.18,2025-12-15,444195
AR0618,C036,211129,2026-01-22,0.42,2026-01-22,211129
AR0080,C036,317500,2026-01-27,0.82,2026-01-28,317500
AR0235,C037,420088,2025-02-20,4.52,2025-02-25,420088
AR0170,C037,202034,2025-02-21,25.04,2025-03-18,202034
AR0550,C037,452661,2025-02-21,21.13,2025-03-14,452661
AR0021,C037,64907,2025-03-12,24.78,2025-04-06,64907
AR0518,C037,342227,2025-04-11,14.09,2025-04-25,342227
AR0336,C037,55971,2025-05-16,22.07,2025-06-07,55971
AR0372,C037,443216,2025-05-26,17.36,2025-06-12,443216
AR0058,C037,323520,2025-06-06,4.19,2025-06-10,323520
AR0296,C037,321366,2025-08-02,12.57,2025-08-15,321366
AR0482,C037,118206,2025-09-01,7.58,2025-09-09,118206
AR0060,C037,213748,2025-10-25,14.32,2025-11-08,213748
AR0577,C037,158671,2025-11-14,16.4,2025-11-30,158671
AR0215,C037,67051,2025-12-14,13.58,2025-12-28,67051
AR0285,C037,566160,2026-01-15,12.62,2026-01-28,566160
AR0234,C038,420954,2025-02-10,2.06,2025-02-12,420954
AR0165,C038,183555,2025-02-13,0.7,2025-02-14,183555
AR0420,C038,204519,2025-02-28,1.36,2025-03-01,204519
AR0326,C038,556842,2025-04-20,0.59,2025-04-21,556842
AR0030,C038,23770,2025-05-23,-1.34,2025-05-22,23770
AR0342,C038,32513,2025-07-15,-0.84,2025-07-14,32513
AR0270,C038,547368,2025-07-19,-1.08,2025-07-18,547368
AR0589,C038,328875,2025-07-22,1.2,2025-07-23,328875
AR0316,C038,451183,2025-08-14,-0.11,2025-08-14,451183
AR0004,C038,209790,2025-08-23,-0.52,2025-08-22,209790
AR0405,C038,294707,2025-08-24,-1.17,2025-08-23,294707
AR0054,C038,326183,2025-10-02,1.54,2025-10-04,326183
AR0083,C038,126935,2025-11-09,0.3,2025-11-09,126935
AR0646,C038,33793,2025-11-20,-0.18,2025-11-20,33793
AR0548,C038,131094,2025-11-24,-0.24,2025-11-24,131094
AR0114,C038,472230,2025-12-07,0.74,2025-12-08,472230
AR0231,C039,486313,2025-02-20,14.62,2025-03-07,486313
AR0008,C039,221728,2025-03-04,17.22,2025-03-21,221728
AR0516,C039,432427,2025-04-19,19.4,2025-05-08,432427
AR0504,C039,305985,2025-05-03,14.1,2025-05-17,305985
AR0507,C039,107369,2025-09-06,18.82,2025-09-25,107369
AR0009,C039,297408,2025-09-27,12.14,2025-10-09,297408
AR0594,C039,159214,2025-09-30,11.5,2025-10-12,159214
AR0299,C039,525144,2025-10-12,15.7,2025-10-28,525144
AR0572,C039,484372,2025-12-31,18.07,2026-01-18,484372
AR0683,C040,146178,2025-02-08,0.62,2025-02-09,146178
AR0278,C040,143087,2025-03-07,0.06,2025-03-07,143087
AR0059,C040,239794,2025-03-13,1.2,2025-03-14,239794
AR0534,C040,54470,2025-03-16,-0.16,2025-03-16,54470
AR0160,C040,166825,2025-04-19,-0.51,2025-04-18,166825
AR0087,C040,165735,2025-04-20,-0.84,2025-04-19,165735
AR0212,C040,426686,2025-05-26,1.48,2025-05-27,426686
AR0106,C040,422976,2025-07-10,-0.78,2025-07-09,422976
AR0328,C040,166664,2025-08-27,-1.27,2025-08-26,166664
AR0565,C040,150165,2025-09-02,-1.01,2025-09-01,150165
AR0509,C040,163946,2025-09-10,-1.64,2025-09-08,163946
AR0607,C040,138921,2025-10-05,-0.82,2025-10-04,138921
AR0247,C040,400078,2025-10-13,0.56,2025-10-14,400078
AR0177,C040,553975,2025-11-02,0.46,2025-11-02,553975
AR0065,C040,94143,2025-11-15,-1.32,2025-11-14,94143
AR0424,C040,371603,2025-12-01,-0.55,2025-11-30,371603
AR0553,C040,46641,2025-12-24,-0.29,2025-12-24,46641
AR0070,C040,386512,2025-12-31,0.52,2026-01-01,386512
AR0580,C040,442470,2026-01-14,0.56,2026-01-15,442470
AR0303,C041,493643,2025-03-21,8.64,2025-03-30,493643
AR0621,C041,47520,2025-05-30,10.71,2025-06-10,47520
AR0079,C041,104715,2025-06-14,15.75,2025-06-30,104715
AR0419,C041,503131,2025-07-05,12.78,2025-07-18,503131
AR0293,C041,381923,2025-09-05,11.55,2025-09-17,381923
AR0320,C041,496781,2025-09-25,12.24,2025-10-07,496781
AR0277,C041,548985,2025-10-07,9.32,2025-10-16,548985
AR0238,C041,78012,2025-10-09,13.84,2025-10-23,78012
AR0016,C041,390166,2025-10-17,11.1,2025-10-28,390166
AR0554,C041,223432,2025-11-06,11.38,2025-11-17,223432
AR0540,C041,150021,2025-11-27,10.54,2025-12-08,150021
AR0251,C041,570791,2025-12-08,11.31,2025-12-19,570791
AR0477,C041,337556,2025-12-15,11.44,2025-12-26,337556
AR0693,C041,317168,2026-01-13,11.7,2026-01-25,317168
AR0627,C042,496020,2025-03-02,9.16,2025-03-11,496020
AR0275,C042,466570,2025-03-13,15.32,2025-03-28,466570
AR0327,C042,457095,2025-03-22,13.97,2025-04-05,457095
AR0225,C042,570709,2025-04-17,11.82,2025-04-29,570709
AR0552,C042,422107,2025-05-18,13.22,2025-05-31,422107
AR0616,C042,411820,2025-06-11,14.0,2025-06-25,411820
AR0498,C042,187730,2025-07-19,10.32,2025-07-29,187730
AR0675,C042,94526,2025-07-28,10.67,2025-08-08,94526
AR0332,C042,51745,2025-08-02,13.16,2025-08-15,51745
AR0647,C042,383210,2025-08-03,11.41,2025-08-14,383210
AR0321,C042,81171,2025-08-28,10.68,2025-09-08,81171
AR0001,C042,94905,2025-09-22,11.68,2025-10-04,94905
AR0625,C042,310868,2025-10-01,11.08,2025-10-12,310868
AR0634,C042,383360,2025-11-05,14.0,2025-11-19,383360
AR0628,C042,184275,2025-11-20,10.37,2025-11-30,184275
AR0117,C043,168785,2025-03-15,4.01,2025-03-19,168785
AR0086,C043,205429,2025-03-24,5.12,2025-03-29,205429
AR0240,C043,469699,2025-03-25,3.47,2025-03-28,469699
AR0090,C043,159883,2025-06-07,3.14,2025-06-10,159883
AR0506,C043,207795,2025-07-01,4.82,2025-07-06,207795
AR0527,C043,450803,2025-07-27,2.72,2025-07-30,450803
AR0108,C043,191013,2025-08-28,4.36,2025-09-01,191013
AR0385,C043,274626,2025-09-05,4.43,2025-09-09,274626
AR0604,C043,339826,2025-10-02,4.5,2025-10-06,339826
AR0034,C043,152169,2025-10-06,3.2,2025-10-09,152169
AR0051,C043,116331,2025-10-07,3.5,2025-10-11,116331
AR0691,C043,156273,2025-10-24,4.54,2025-10-29,156273
AR0128,C043,359992,2025-10-29,3.7,2025-11-02,359992
AR0071,C043,230048,2025-11-10,2.96,2025-11-13,230048
AR0549,C043,517164,2025-12-16,3.1,2025-12-19,517164
AR0063,C043,230469,2025-12-27,3.14,2025-12-30,230469
AR0147,C043,569992,2026-01-13,3.28,2026-01-16,569992
AR0325,C043,394180,2026-01-22,3.5,2026-01-26,394180
AR0384,C044,162660,2025-03-13,2.2,2025-03-15,162660
AR0592,C044,238387,2025-03-28,1.32,2025-03-29,238387
AR0111,C044,394113,2025-04-30,1.12,2025-05-01,394113
AR0057,C044,231694,2025-05-31,-1.19,2025-05-30,231694
AR0166,C044,227961,2025-08-11,-0.62,2025-08-10,227961
AR0513,C044,38244,2025-09-12,-0.77,2025-09-11,38244
AR0276,C044,285004,2025-10-31,-0.02,2025-10-31,285004
AR0011,C044,537778,2025-11-01,-0.3,2025-11-01,537778
AR0679,C044,315074,2025-11-05,1.52,2025-11-07,315074
AR0416,C044,464245,2025-11-16,1.22,2025-11-17,464245
AR0434,C044,61690,2025-12-03,0.01,2025-12-03,61690
AR0169,C044,575026,2025-12-04,-0.3,2025-12-04,575026
AR0312,C044,296865,2026-01-11,0.91,2026-01-12,296865
AR0388,C044,430264,2026-01-13,-0.45,2026-01-13,430264
AR0091,C045,220562,2025-03-27,2.94,2025-03-30,220562
AR0650,C045,408098,2025-04-01,0.16,2025-04-01,408098
AR0203,C045,407591,2025-04-05,0.5,2025-04-05,407591
AR0471,C045,480528,2025-04-12,0.64,2025-04-13,480528
AR0265,C045,319786,2025-06-02,0.91,2025-06-03,319786
AR0109,C045,357271,2025-07-01,-0.44,2025-07-01,357271
AR0297,C045,36227,2025-07-01,-0.38,2025-07-01,36227
AR0329,C045,133911,2025-08-08,0.7,2025-08-09,133911
AR0229,C045,162735,2025-08-25,1.54,2025-08-27,162735
AR0194,C045,162038,2025-09-20,0.2,2025-09-20,162038
AR0222,C045,57318,2025-09-20,-0.12,2025-09-20,57318
AR0188,C045,412434,2025-10-01,0.91,2025-10-02,412434
AR0491,C045,403892,2025-10-03,-0.57,2025-10-02,403892
AR0250,C045,96211,2025-10-06,-1.6,2025-10-04,96211
AR0524,C045,143693,2025-10-09,-1.37,2025-10-08,143693
AR0654,C045,648138,2025-11-08,0.61,2025-11-09,648138
AR0220,C045,346279,2025-12-01,0.1,2025-12-01,346279
AR0451,C045,577422,2025-12-16,0.26,2025-12-16,577422
AR0610,C045,359291,2026-01-26,0.86,2026-01-27,359291
AR0175,C046,285568,2025-04-19,3.72,2025-04-23,285568
AR0252,C046,210360,2025-04-22,3.17,2025-04-25,210360
AR0638,C046,27384,2025-05-06,3.92,2025-05-10,27384
AR0138,C046,53674,2025-05-20,4.54,2025-05-25,53674
AR0026,C046,263563,2025-07-09,3.88,2025-07-13,263563
AR0526,C046,66027,2025-09-15,3.6,2025-09-19,66027
AR0523,C046,132496,2025-09-16,3.92,2025-09-20,132496
AR0201,C046,112274,2025-10-31,3.72,2025-11-04,112274
AR0662,C046,359171,2025-11-25,4.4,2025-11-29,359171
AR0031,C046,66125,2025-12-20,4.13,2025-12-24,66125
AR0469,C046,254524,2025-12-29,2.56,2026-01-01,254524
AR0667,C047,227591,2025-02-11,9.58,2025-02-21,227591
AR0367,C047,170800,2025-02-26,12.46,2025-03-10,170800
AR0595,C047,325934,2025-02-26,12.42,2025-03-10,325934
AR0039,C047,373036,2025-02-27,9.72,2025-03-09,373036
AR0682,C047,36891,2025-03-29,13.66,2025-04-12,36891
AR0305,C047,77343,2025-04-08,11.88,2025-04-20,77343
AR0148,C047,529767,2025-04-25,13.52,2025-05-09,529767
AR0357,C047,245480,2025-05-21,13.75,2025-06-04,245480
AR0677,C047,457686,2025-05-25,10.4,2025-06-04,457686
AR0107,C047,328759,2025-07-03,11.71,2025-07-15,328759
AR0101,C047,286115,2025-07-10,9.99,2025-07-20,286115
AR0560,C047,263398,2025-07-26,10.45,2025-08-05,263398
AR0575,C047,420480,2025-08-06,13.22,2025-08-19,420480
AR0503,C047,61380,2025-09-05,13.19,2025-09-18,61380
AR0452,C047,42907,2025-09-12,13.7,2025-09-26,42907
AR0637,C047,359888,2025-09-22,11.76,2025-10-04,359888
AR0176,C047,415181,2025-10-25,12.74,2025-11-07,415181
AR0035,C047,418730,2025-11-19,13.16,2025-12-02,418730
AR0689,C047,243356,2025-11-21,10.92,2025-12-02,243356
AR0487,C047,454203,2026-01-02,12.52,2026-01-15,454203
AR0348,C047,381407,2026-01-03,11.47,2026-01-14,381407
AR0602,C048,390029,2025-03-03,1.08,2025-03-04,390029
AR0232,C048,386996,2025-07-15,0.26,2025-07-15,386996
AR0089,C048,494724,2025-07-20,1.01,2025-07-21,494724
AR0500,C048,489047,2025-09-13,1.25,2025-09-14,489047
AR0267,C048,389742,2025-09-30,1.25,2025-10-01,389742
AR0131,C048,294360,2025-10-01,-0.22,2025-10-01,294360
AR0448,C048,45758,2025-10-27,-0.06,2025-10-27,45758
AR0073,C048,131948,2025-11-10,0.32,2025-11-10,131948
AR0653,C048,280653,2025-12-07,-0.06,2025-12-07,280653
AR0678,C049,176428,2025-02-11,4.32,2025-02-15,176428
AR0006,C049,471465,2025-02-24,2.81,2025-02-27,471465
AR0248,C049,126723,2025-02-26,3.78,2025-03-02,126723
AR0124,C049,428116,2025-03-26,4.47,2025-03-30,428116
AR0216,C049,347950,2025-05-17,3.4,2025-05-20,347950
AR0132,C049,460330,2025-06-06,3.66,2025-06-10,460330
AR0656,C049,376695,2025-06-06,4.04,2025-06-10,376695
AR0626,C049,188384,2025-06-27,3.88,2025-07-01,188384
AR0561,C049,289997,2025-08-08,2.88,2025-08-11,289997
AR0129,C049,341206,2025-09-14,4.43,2025-09-18,341206
AR0655,C049,572618,2025-11-02,3.09,2025-11-05,572618
AR0415,C049,543912,2025-11-15,4.18,2025-11-19,543912
AR0142,C049,285257,2025-11-21,4.0,2025-11-25,285257
AR0280,C049,505753,2025-12-21,3.28,2025-12-24,505753
AR0413,C049,77357,2026-01-01,4.47,2026-01-05,77357
AR0197,C049,152192,2026-01-19,3.86,2026-01-23,152192
AR0392,C050,483735,2025-04-11,5.26,2025-04-16,483735
AR0614,C050,198121,2025-04-15,-0.76,2025-04-14,198121
AR0164,C050,210533,2025-04-24,-1.14,2025-04-23,210533
AR0300,C050,338276,2025-05-28,0.14,2025-05-28,338276
AR0096,C050,204101,2025-06-22,1.18,2025-06-23,204101
AR0597,C050,97477,2025-08-13,-0.9,2025-08-12,97477
AR0536,C050,451666,2025-08-28,1.36,2025-08-29,451666
AR0445,C050,138765,2025-10-06,-0.85,2025-10-05,138765
AR0133,C050,315178,2025-10-24,-0.63,2025-10-23,315178
AR0382,C050,432369,2025-11-17,-1.03,2025-11-16,432369
AR0488,C050,527083,2025-11-24,0.14,2025-11-24,527083
AR0449,C050,115319,2025-12-13,-0.94,2025-12-12,115319
AR0414,C050,362776,2025-12-18,-0.3,2025-12-18,362776
AR0012,C050,257853,2025-12-25,-0.38,2025-12-25,257853
AR0158,C050,53437,2025-12-30,-0.28,2025-12-30,53437
