date,expected_inflow,expected_outflow,net_cash_flow,projected_cash_balance,lower_cash,base_cash,upper_cash,cash_buffer,risk_status,cash_after_30_days,cash_after_60_days,cash_after_90_days
2025-01-31,,,,,10000000.0,10000000.0,10234180.0,0.0,SAFE,,,
2025-02-01,,,,,10000000.0,10000000.0,10234180.0,0.0,SAFE,,,
2025-02-02,,,,,10000000.0,10000000.0,10927553.0,0.0,SAFE,,,
2025-02-03,234180.0,0.0,234180.0,10234180.0,9710968.0,10234180.0,11248527.0,-289032.0,WARNING,19392776.0,31675905.0,46694672.0
2025-02-04,0.0,0.0,0.0,10234180.0,9710968.0,10234180.0,11248527.0,-289032.0,WARNING,20030549.0,32540591.0,46097683.0
2025-02-05,693373.0,0.0,693373.0,10927553.0,9710968.0,10927553.0,11608174.0,-289032.0,WARNING,20369757.0,32605498.0,46097683.0
2025-02-06,320974.0,0.0,320974.0,11248527.0,9546513.0,11248527.0,12027881.0,-453487.0,WARNING,20597077.0,33719361.0,45815126.0
2025-02-07,0.0,0.0,0.0,11248527.0,9278005.0,11248527.0,12392684.0,-721995.0,WARNING,20551178.0,33933505.0,46574434.0
2025-02-08,359647.0,0.0,359647.0,11608174.0,9971378.0,11608174.0,12392684.0,-28622.0,WARNING,21119975.0,34511656.0,47279519.0
2025-02-09,419707.0,0.0,419707.0,12027881.0,10292352.0,12027881.0,13064869.0,292352.0,SAFE,21615995.0,34964730.0,47306903.0
2025-02-10,364803.0,289032.0,75771.0,12103652.0,10292352.0,12103652.0,13251951.0,292352.0,SAFE,22181342.0,35771665.0,47862786.0
2025-02-11,0.0,0.0,0.0,12103652.0,10406210.0,12103652.0,13659379.0,406210.0,SAFE,22561519.0,35808556.0,47310576.0
2025-02-12,672185.0,0.0,672185.0,12775837.0,10562806.0,12775837.0,14096850.0,562806.0,SAFE,23253974.0,35970444.0,47394622.0
2025-02-13,187082.0,398635.0,-211553.0,12564284.0,10927609.0,12564284.0,14462897.0,927609.0,SAFE,23416634.0,35983475.0,47572652.0
2025-02-14,407428.0,268508.0,138920.0,12703204.0,10927609.0,12703204.0,14462897.0,927609.0,SAFE,23981866.0,36518164.0,47322764.0
2025-02-15,437471.0,0.0,437471.0,13140675.0,11599794.0,13140675.0,14742055.0,1599794.0,SAFE,24259576.0,37794647.0,47710453.0
2025-02-16,366047.0,0.0,366047.0,13506722.0,11632774.0,13506722.0,15036066.0,1632774.0,SAFE,24971785.0,37722282.0,47539986.0
2025-02-17,0.0,0.0,0.0,13506722.0,11983216.0,13506722.0,15430855.0,1983216.0,SAFE,24923402.0,37990482.0,47542781.0
2025-02-18,279158.0,245789.0,33369.0,13540091.0,11922331.0,13540091.0,15658446.0,1922331.0,SAFE,24923402.0,38970202.0,47542781.0
2025-02-19,294011.0,263111.0,30900.0,13570991.0,12288378.0,13570991.0,15658446.0,2288378.0,SAFE,25357820.0,39602604.0,47890731.0
2025-02-20,683821.0,0.0,683821.0,14254812.0,12288378.0,14254812.0,15259811.0,2288378.0,SAFE,25168381.0,40431432.0,48213932.0
2025-02-21,227591.0,0.0,227591.0,14482403.0,12326133.0,14482403.0,14991303.0,2326133.0,SAFE,24492032.0,40647084.0,48129581.0
2025-02-22,0.0,0.0,0.0,14482403.0,12453466.0,14482403.0,16659111.0,2453466.0,SAFE,25311109.0,41104605.0,47870282.0
2025-02-23,0.0,154102.0,-154102.0,14328301.0,13137287.0,14328301.0,16831265.0,3137287.0,SAFE,25225245.0,41104605.0,48033378.0
2025-02-24,0.0,56986.0,-56986.0,14271315.0,13364878.0,14271315.0,17533632.0,3364878.0,SAFE,25949620.0,41854640.0,48412892.0
2025-02-25,1667808.0,498356.0,1169452.0,15440767.0,13266804.0,15440767.0,18031659.0,3266804.0,SAFE,26316204.0,42468456.0,48412892.0
2025-02-26,172154.0,0.0,172154.0,15612921.0,13162776.0,15612921.0,18964107.0,3162776.0,SAFE,27612260.0,42608007.0,48839578.0
2025-02-27,702367.0,0.0,702367.0,16315288.0,12972645.0,16315288.0,19439197.0,2972645.0,SAFE,28056076.0,42859501.0,49206139.0
2025-02-28,743816.0,241403.0,502413.0,16817701.0,14350261.0,16817701.0,19695400.0,4350261.0,SAFE,29897357.0,44351325.0,48918364.0
2025-03-01,1195559.0,166678.0,1028881.0,17846582.0,14390454.0,17846582.0,20541885.0,4390454.0,SAFE,30121542.0,44955606.0,49702548.0
2025-03-02,475090.0,0.0,475090.0,18321672.0,14555206.0,18321672.0,20558301.0,4555206.0,SAFE,30483853.0,45182424.0,50333173.0
2025-03-03,256203.0,0.0,256203.0,18577875.0,15060966.0,18577875.0,21329219.0,5060966.0,SAFE,30667056.0,45991556.0,50498366.0
2025-03-04,846485.0,98074.0,748411.0,19326286.0,16256525.0,19326286.0,21460263.0,6256525.0,SAFE,31370314.0,46591933.0,51105424.0
2025-03-05,170518.0,104028.0,66490.0,19392776.0,16731615.0,19392776.0,21819544.0,6731615.0,SAFE,31675905.0,46694672.0,51296796.0
2025-03-06,827904.0,190131.0,637773.0,20030549.0,16879167.0,20030549.0,22311260.0,6879167.0,SAFE,32540591.0,46097683.0,52800866.0
2025-03-07,629400.0,290192.0,339208.0,20369757.0,17725652.0,20369757.0,22876710.0,7725652.0,SAFE,32605498.0,46097683.0,52518363.0
2025-03-08,359281.0,131961.0,227320.0,20597077.0,17896170.0,20597077.0,23206052.0,7896170.0,SAFE,33719361.0,45815126.0,52751947.0
2025-03-09,491716.0,537615.0,-45899.0,20551178.0,18652313.0,20551178.0,23771399.0,8652313.0,SAFE,33933505.0,46574434.0,53244927.0
2025-03-10,806853.0,238056.0,568797.0,21119975.0,19123018.0,21119975.0,24260227.0,9123018.0,SAFE,34511656.0,47279519.0,52920378.0
2025-03-11,496020.0,0.0,496020.0,21615995.0,19042767.0,21615995.0,24854608.0,9042767.0,SAFE,34964730.0,47306903.0,53091427.0
2025-03-12,565347.0,0.0,565347.0,22181342.0,18972587.0,22181342.0,24913240.0,8972587.0,SAFE,35771665.0,47862786.0,54592440.0
2025-03-13,488828.0,108651.0,380177.0,22561519.0,19779440.0,22561519.0,25360102.0,9779440.0,SAFE,35808556.0,47310576.0,54742207.0
2025-03-14,692455.0,0.0,692455.0,23253974.0,19881939.0,23253974.0,25506315.0,9881939.0,SAFE,35970444.0,47394622.0,55508117.0
2025-03-15,162660.0,0.0,162660.0,23416634.0,20114745.0,23416634.0,26526095.0,10114745.0,SAFE,35983475.0,47572652.0,55971225.0
2025-03-16,636993.0,71761.0,565232.0,23981866.0,19927224.0,23981866.0,26501993.0,9927224.0,SAFE,36518164.0,47322764.0,57492032.0
2025-03-17,436405.0,158695.0,277710.0,24259576.0,20593068.0,24259576.0,26263937.0,10593068.0,SAFE,37794647.0,47710453.0,56767879.0
2025-03-18,1151741.0,439532.0,712209.0,24971785.0,20599045.0,24971785.0,27091876.0,10599045.0,SAFE,37722282.0,47539986.0,57202150.0
2025-03-19,513513.0,561896.0,-48383.0,24923402.0,21236038.0,24923402.0,27234978.0,11236038.0,SAFE,37990482.0,47542781.0,57202150.0
2025-03-20,0.0,0.0,0.0,24923402.0,21672443.0,24923402.0,27126327.0,11672443.0,SAFE,38970202.0,47542781.0,57096711.0
2025-03-21,827939.0,393521.0,434418.0,25357820.0,22824184.0,25357820.0,27972015.0,12824184.0,SAFE,39602604.0,47890731.0,57248796.0
2025-03-22,143102.0,332541.0,-189439.0,25168381.0,23337697.0,25168381.0,28042834.0,13337697.0,SAFE,40431432.0,48213932.0,57639793.0
2025-03-23,0.0,676349.0,-676349.0,24492032.0,23337697.0,24492032.0,28695448.0,13337697.0,SAFE,40647084.0,48129581.0,57505533.0
2025-03-24,845688.0,26611.0,819077.0,25311109.0,23838028.0,25311109.0,28903337.0,13838028.0,SAFE,41104605.0,47870282.0,57614795.0
2025-03-25,70819.0,156683.0,-85864.0,25225245.0,23741970.0,25225245.0,29759861.0,13741970.0,SAFE,41104605.0,48033378.0,58014976.0
2025-03-26,724375.0,0.0,724375.0,25949620.0,23457042.0,25949620.0,29641781.0,13457042.0,SAFE,41854640.0,48412892.0,57998008.0
2025-03-27,366584.0,0.0,366584.0,26316204.0,24302730.0,26316204.0,31483062.0,14302730.0,SAFE,42468456.0,48412892.0,59326867.0
2025-03-28,1296056.0,0.0,1296056.0,27612260.0,24373549.0,27612260.0,31641334.0,14373549.0,SAFE,42608007.0,48839578.0,59755267.0
2025-03-29,443816.0,0.0,443816.0,28056076.0,25097924.0,28056076.0,31910264.0,15097924.0,SAFE,42859501.0,49206139.0,60849724.0
2025-03-30,1841281.0,0.0,1841281.0,29897357.0,25464508.0,29897357.0,31702046.0,15464508.0,SAFE,44351325.0,48918364.0,60641980.0
2025-03-31,551793.0,327608.0,224185.0,30121542.0,26760564.0,30121542.0,32378693.0,16760564.0,SAFE,44955606.0,49702548.0,61286984.0
2025-04-01,601471.0,239160.0,362311.0,30483853.0,27204380.0,30483853.0,32527601.0,17204380.0,SAFE,45182424.0,50333173.0,61270461.0
2025-04-02,468131.0,284928.0,183203.0,30667056.0,28905884.0,30667056.0,33392287.0,18905884.0,SAFE,45991556.0,50498366.0,61852343.0
2025-04-03,703258.0,0.0,703258.0,31370314.0,29457677.0,31370314.0,33457194.0,19457677.0,SAFE,46591933.0,51105424.0,61972050.0
2025-04-04,305591.0,0.0,305591.0,31675905.0,29961518.0,31675905.0,34571057.0,19961518.0,SAFE,46694672.0,51296796.0,62730694.0
2025-04-05,864686.0,0.0,864686.0,32540591.0,30429649.0,32540591.0,34785201.0,20429649.0,SAFE,46097683.0,52800866.0,62526675.0
2025-04-06,64907.0,0.0,64907.0,32605498.0,30544080.0,32605498.0,35503129.0,20544080.0,SAFE,46097683.0,52518363.0,62669789.0
2025-04-07,1113863.0,0.0,1113863.0,33719361.0,30520217.0,33719361.0,35628595.0,20520217.0,SAFE,45815126.0,52751947.0,62816734.0
2025-04-08,214144.0,0.0,214144.0,33933505.0,31384903.0,33933505.0,36294000.0,21384903.0,SAFE,46574434.0,53244927.0,63162050.0
2025-04-09,717928.0,139777.0,578151.0,34511656.0,31449810.0,34511656.0,36045963.0,21449810.0,SAFE,47279519.0,52920378.0,63324666.0
2025-04-10,453074.0,0.0,453074.0,34964730.0,32325574.0,34964730.0,36796678.0,22325574.0,SAFE,47306903.0,53091427.0,63716145.0
2025-04-11,904565.0,97630.0,806935.0,35771665.0,32539718.0,35771665.0,37139163.0,22539718.0,SAFE,47862786.0,54592440.0,64204051.0
2025-04-12,36891.0,0.0,36891.0,35808556.0,32862456.0,35808556.0,37673852.0,22862456.0,SAFE,47310576.0,54742207.0,64638280.0
2025-04-13,750715.0,588827.0,161888.0,35970444.0,33315530.0,35970444.0,38950335.0,23315530.0,SAFE,47394622.0,55508117.0,64711858.0
2025-04-14,342485.0,329454.0,13031.0,35983475.0,34220095.0,35983475.0,39116069.0,24220095.0,SAFE,47572652.0,55971225.0,65032887.0
2025-04-15,534689.0,0.0,534689.0,36518164.0,34051285.0,36518164.0,39384269.0,24051285.0,SAFE,47322764.0,57492032.0,65480039.0
2025-04-16,1276483.0,0.0,1276483.0,37794647.0,34645513.0,37794647.0,40619402.0,24645513.0,SAFE,47710453.0,56767879.0,66195794.0
2025-04-17,165734.0,238099.0,-72365.0,37722282.0,34987998.0,37722282.0,41251804.0,24987998.0,SAFE,47539986.0,57202150.0,66195794.0
2025-04-18,268200.0,0.0,268200.0,37990482.0,35301170.0,37990482.0,41983002.0,25301170.0,SAFE,47542781.0,57202150.0,66622764.0
2025-04-19,1374910.0,395190.0,979720.0,38970202.0,36426616.0,38970202.0,42404355.0,26426616.0,SAFE,47542781.0,57096711.0,67834937.0
2025-04-20,632402.0,0.0,632402.0,39602604.0,36542705.0,39602604.0,42429536.0,26542705.0,SAFE,47890731.0,57248796.0,68327691.0
2025-04-21,828828.0,0.0,828828.0,40431432.0,36810905.0,40431432.0,42100082.0,26810905.0,SAFE,48213932.0,57639793.0,69659471.0
2025-04-22,421353.0,205701.0,215652.0,40647084.0,38185815.0,40647084.0,43071634.0,28185815.0,SAFE,48129581.0,57505533.0,70345173.0
2025-04-23,614008.0,156487.0,457521.0,41104605.0,38494009.0,41104605.0,43836487.0,28494009.0,SAFE,47870282.0,57614795.0,71453332.0
2025-04-24,0.0,0.0,0.0,41104605.0,38964107.0,41104605.0,43787584.0,28964107.0,SAFE,48033378.0,58014976.0,71757676.0
2025-04-25,971552.0,221517.0,750035.0,41854640.0,39010991.0,41854640.0,44039078.0,29010991.0,SAFE,48412892.0,57998008.0,72107832.0
2025-04-26,764853.0,151037.0,613816.0,42468456.0,39624999.0,42468456.0,45135712.0,29624999.0,SAFE,48412892.0,59326867.0,71925346.0
2025-04-27,189196.0,49645.0,139551.0,42608007.0,39413937.0,42608007.0,46064201.0,29413937.0,SAFE,48839578.0,59755267.0,72282797.0
2025-04-28,251494.0,0.0,251494.0,42859501.0,39718976.0,42859501.0,46649749.0,29718976.0,SAFE,49206139.0,60849724.0,72181869.0
2025-04-29,1491824.0,0.0,1491824.0,44351325.0,40483829.0,44351325.0,47627649.0,30483829.0,SAFE,48918364.0,60641980.0,72639503.0
2025-04-30,928489.0,324208.0,604281.0,44955606.0,40390468.0,44955606.0,48071539.0,30390468.0,SAFE,49702548.0,61286984.0,72827233.0
2025-05-01,585548.0,358730.0,226818.0,45182424.0,40641962.0,45182424.0,48385340.0,30641962.0,SAFE,50333173.0,61270461.0,73140881.0
2025-05-02,1183601.0,374469.0,809132.0,45991556.0,42133786.0,45991556.0,48233347.0,32133786.0,SAFE,50498366.0,61852343.0,73754797.0
2025-05-03,600377.0,0.0,600377.0,46591933.0,43062275.0,46591933.0,48082310.0,33062275.0,SAFE,51105424.0,61972050.0,74447563.0
2025-05-04,313801.0,211062.0,102739.0,46694672.0,43647823.0,46694672.0,48032665.0,33647823.0,SAFE,51296796.0,62730694.0,74252898.0
2025-05-05,69524.0,666513.0,-596989.0,46097683.0,44279214.0,46097683.0,48791973.0,34279214.0,SAFE,52800866.0,62526675.0,74252898.0
2025-05-06,0.0,0.0,0.0,46097683.0,44879591.0,46097683.0,49497058.0,34879591.0,SAFE,52518363.0,62669789.0,75285018.0
2025-05-07,0.0,282557.0,-282557.0,45815126.0,45193392.0,45815126.0,49200234.0,35193392.0,SAFE,52751947.0,62816734.0,76265977.0
2025-05-08,759308.0,0.0,759308.0,46574434.0,45013028.0,46574434.0,49397387.0,35013028.0,SAFE,53244927.0,63162050.0,76186135.0
2025-05-09,705085.0,0.0,705085.0,47279519.0,44610064.0,47279519.0,49022918.0,34610064.0,SAFE,52920378.0,63324666.0,76046178.0
2025-05-10,27384.0,0.0,27384.0,47306903.0,44133612.0,47306903.0,49106964.0,34133612.0,SAFE,53091427.0,63716145.0,76226521.0
2025-05-11,555883.0,0.0,555883.0,47862786.0,44441630.0,47862786.0,49073932.0,34441630.0,SAFE,54592440.0,64204051.0,76174278.0
2025-05-12,0.0,552210.0,-552210.0,47310576.0,45146715.0,47310576.0,48407419.0,35146715.0,SAFE,54742207.0,64638280.0,77329749.0
2025-05-13,84046.0,0.0,84046.0,47394622.0,45174099.0,47394622.0,49198072.0,35174099.0,SAFE,55508117.0,64711858.0,78150095.0
2025-05-14,178030.0,0.0,178030.0,47572652.0,45729982.0,47572652.0,49221500.0,35729982.0,SAFE,55971225.0,65032887.0,78244578.0
2025-05-15,0.0,249888.0,-249888.0,47322764.0,45621861.0,47322764.0,49675585.0,35621861.0,SAFE,57492032.0,65480039.0,78580330.0
2025-05-16,790653.0,402964.0,387689.0,47710453.0,45446608.0,47710453.0,49675585.0,35446608.0,SAFE,56767879.0,66195794.0,79798552.0
2025-05-17,305985.0,476452.0,-170467.0,47539986.0,45624638.0,47539986.0,50023535.0,35624638.0,SAFE,57202150.0,66195794.0,79698495.0
2025-05-18,454085.0,451290.0,2795.0,47542781.0,45624638.0,47542781.0,50346736.0,35624638.0,SAFE,57202150.0,66622764.0,79037863.0
2025-05-19,0.0,0.0,0.0,47542781.0,46415291.0,47542781.0,49818296.0,36415291.0,SAFE,57096711.0,67834937.0,78946978.0
2025-05-20,347950.0,0.0,347950.0,47890731.0,46721276.0,47890731.0,49818296.0,36721276.0,SAFE,57248796.0,68327691.0,78581405.0
2025-05-21,323201.0,0.0,323201.0,48213932.0,46990792.0,48213932.0,49981392.0,36990792.0,SAFE,57639793.0,69659471.0,78963023.0
2025-05-22,23770.0,108121.0,-84351.0,48129581.0,46703017.0,48129581.0,50111018.0,36703017.0,SAFE,57505533.0,70345173.0,79144219.0
2025-05-23,0.0,259299.0,-259299.0,47870282.0,46933077.0,47870282.0,49708054.0,36933077.0,SAFE,57614795.0,71453332.0,79130090.0
2025-05-24,163096.0,0.0,163096.0,48033378.0,46996294.0,48033378.0,49658288.0,36996294.0,SAFE,58014976.0,71757676.0,79290648.0
2025-05-25,379514.0,0.0,379514.0,48412892.0,46900028.0,48412892.0,49758128.0,36900028.0,SAFE,57998008.0,72107832.0,79585355.0
2025-05-26,0.0,0.0,0.0,48412892.0,46900028.0,48412892.0,49758128.0,36900028.0,SAFE,59326867.0,71925346.0,80374566.0
2025-05-27,426686.0,0.0,426686.0,48839578.0,46934710.0,48839578.0,50660202.0,36934710.0,SAFE,59755267.0,72282797.0,81325455.0
2025-05-28,551130.0,184569.0,366561.0,49206139.0,47314224.0,49206139.0,51550811.0,37314224.0,SAFE,60849724.0,72181869.0,81560987.0
2025-05-29,0.0,287775.0,-287775.0,48918364.0,47031721.0,48918364.0,51727919.0,37031721.0,SAFE,60641980.0,72639503.0,81978884.0
2025-05-30,902074.0,117890.0,784184.0,49702548.0,47188944.0,49702548.0,52075678.0,37188944.0,SAFE,61286984.0,72827233.0,81978884.0
2025-05-31,890609.0,259984.0,630625.0,50333173.0,47529236.0,50333173.0,52395464.0,37529236.0,SAFE,61270461.0,73140881.0,82686090.0
2025-06-01,285229.0,120036.0,165193.0,50498366.0,47204687.0,50498366.0,53899534.0,37204687.0,SAFE,61852343.0,73754797.0,83219837.0
2025-06-02,607058.0,0.0,607058.0,51105424.0,48106761.0,51105424.0,53899534.0,38106761.0,SAFE,61972050.0,74447563.0,83189016.0
2025-06-03,319786.0,128414.0,191372.0,51296796.0,48997370.0,51296796.0,54402581.0,38997370.0,SAFE,62730694.0,74252898.0,83419333.0
2025-06-04,1504070.0,0.0,1504070.0,52800866.0,49282599.0,52800866.0,54921830.0,39282599.0,SAFE,62526675.0,74252898.0,84424119.0
2025-06-05,0.0,282503.0,-282503.0,52518363.0,49590209.0,52518363.0,54634055.0,39590209.0,SAFE,62669789.0,75285018.0,85263437.0
2025-06-06,503047.0,269463.0,233584.0,52751947.0,49819180.0,52751947.0,54687214.0,39819180.0,SAFE,62816734.0,76265977.0,85570713.0
2025-06-07,703818.0,210838.0,492980.0,53244927.0,51323250.0,53244927.0,55928243.0,41323250.0,SAFE,63162050.0,76186135.0,86018220.0
2025-06-08,0.0,324549.0,-324549.0,52920378.0,50548435.0,52920378.0,55957974.0,40548435.0,SAFE,63324666.0,76046178.0,86672879.0
2025-06-09,171049.0,0.0,171049.0,53091427.0,50996282.0,53091427.0,57023332.0,40996282.0,SAFE,63716145.0,76226521.0,86571132.0
2025-06-10,1501013.0,0.0,1501013.0,54592440.0,51700100.0,54592440.0,57448841.0,41700100.0,SAFE,64204051.0,76174278.0,86863630.0
2025-06-11,149767.0,0.0,149767.0,54742207.0,51367156.0,54742207.0,58969648.0,41367156.0,SAFE,64638280.0,77329749.0,87361250.0
2025-06-12,1065358.0,299448.0,765910.0,55508117.0,51278481.0,55508117.0,58737807.0,41278481.0,SAFE,64711858.0,78150095.0,87361250.0
2025-06-13,553923.0,90815.0,463108.0,55971225.0,52779494.0,55971225.0,58957815.0,42779494.0,SAFE,65032887.0,78244578.0,87246898.0
2025-06-14,1520807.0,0.0,1520807.0,57492032.0,52532451.0,57492032.0,58746977.0,42532451.0,SAFE,65480039.0,78580330.0,87376102.0
2025-06-15,50662.0,774815.0,-724153.0,56767879.0,53493534.0,56767879.0,58649933.0,43493534.0,SAFE,66195794.0,79798552.0,87899651.0
2025-06-16,489471.0,55200.0,434271.0,57202150.0,54047457.0,57202150.0,59061742.0,44047457.0,SAFE,66195794.0,79698495.0,89079054.0
2025-06-17,0.0,0.0,0.0,57202150.0,55109408.0,57202150.0,59452739.0,45109408.0,SAFE,66622764.0,79037863.0,89079054.0
2025-06-18,227505.0,332944.0,-105439.0,57096711.0,55160070.0,57096711.0,59715289.0,45160070.0,SAFE,67834937.0,78946978.0,89569449.0
2025-06-19,411809.0,259724.0,152085.0,57248796.0,55595713.0,57248796.0,59629378.0,45595713.0,SAFE,68327691.0,78581405.0,90636931.0
2025-06-20,390997.0,0.0,390997.0,57639793.0,55595713.0,57639793.0,59938744.0,45595713.0,SAFE,69659471.0,78963023.0,91240692.0
2025-06-21,262550.0,396810.0,-134260.0,57505533.0,55615474.0,57505533.0,60380632.0,45615474.0,SAFE,70345173.0,79144219.0,91190646.0
2025-06-22,213537.0,104275.0,109262.0,57614795.0,55954414.0,57614795.0,60934676.0,45954414.0,SAFE,71453332.0,79130090.0,91542498.0
2025-06-23,400181.0,0.0,400181.0,58014976.0,56172214.0,58014976.0,61361704.0,46172214.0,SAFE,71757676.0,79290648.0,91677322.0
2025-06-24,441888.0,458856.0,-16968.0,57998008.0,56434764.0,57998008.0,62456161.0,46434764.0,SAFE,72107832.0,79585355.0,91879201.0
2025-06-25,1328859.0,0.0,1328859.0,59326867.0,56357420.0,59326867.0,62123217.0,46357420.0,SAFE,71925346.0,80374566.0,91346555.0
2025-06-26,482228.0,53828.0,428400.0,59755267.0,56610767.0,59755267.0,62581366.0,46610767.0,SAFE,72282797.0,81325455.0,92148706.0
2025-06-27,1094457.0,0.0,1094457.0,60849724.0,56848636.0,60849724.0,62738040.0,46848636.0,SAFE,72181869.0,81560987.0,92131354.0
2025-06-28,0.0,207744.0,-207744.0,60641980.0,58177495.0,60641980.0,62923112.0,48177495.0,SAFE,72639503.0,81978884.0,92655740.0
2025-06-29,717873.0,72869.0,645004.0,61286984.0,58275994.0,61286984.0,63229425.0,48275994.0,SAFE,72827233.0,81978884.0,93135232.0
2025-06-30,156674.0,173197.0,-16523.0,61270461.0,59164445.0,61270461.0,64134903.0,49164445.0,SAFE,73140881.0,82686090.0,93729435.0
2025-07-01,581882.0,0.0,581882.0,61852343.0,58937490.0,61852343.0,63676047.0,48937490.0,SAFE,73754797.0,83219837.0,93729435.0
2025-07-02,410588.0,290881.0,119707.0,61972050.0,59493670.0,61972050.0,63819161.0,49493670.0,SAFE,74447563.0,83189016.0,94620720.0
2025-07-03,905478.0,146834.0,758644.0,62730694.0,59470144.0,62730694.0,64296007.0,49470144.0,SAFE,74252898.0,83419333.0,95801139.0
2025-07-04,0.0,204019.0,-204019.0,62526675.0,60013587.0,62526675.0,64847329.0,50013587.0,SAFE,74252898.0,84424119.0,97361318.0
2025-07-05,143114.0,0.0,143114.0,62669789.0,60196355.0,62669789.0,65029156.0,50196355.0,SAFE,75285018.0,85263437.0,97403524.0
2025-07-06,530674.0,383729.0,146945.0,62816734.0,61101833.0,62816734.0,65509459.0,51101833.0,SAFE,76265977.0,85570713.0,98634623.0
2025-07-07,551322.0,206006.0,345316.0,63162050.0,61101833.0,63162050.0,66004368.0,51101833.0,SAFE,76186135.0,86018220.0,98980093.0
2025-07-08,389571.0,226955.0,162616.0,63324666.0,61244947.0,63324666.0,66477036.0,51244947.0,SAFE,76046178.0,86672879.0,99256491.0
2025-07-09,553172.0,161693.0,391479.0,63716145.0,61775621.0,63716145.0,66487553.0,51775621.0,SAFE,76226521.0,86571132.0,99904164.0
2025-07-10,668106.0,180200.0,487906.0,64204051.0,62326943.0,64204051.0,66661748.0,52326943.0,SAFE,76174278.0,86863630.0,100829585.0
2025-07-11,472668.0,38439.0,434229.0,64638280.0,62246324.0,64638280.0,66904881.0,52246324.0,SAFE,77329749.0,87361250.0,101468871.0
2025-07-12,301398.0,227820.0,73578.0,64711858.0,62799496.0,64711858.0,67620636.0,52799496.0,SAFE,78150095.0,87361250.0,101468871.0
2025-07-13,321029.0,0.0,321029.0,65032887.0,63467602.0,65032887.0,67236907.0,53467602.0,SAFE,78244578.0,87246898.0,101721225.0
2025-07-14,447152.0,0.0,447152.0,65480039.0,63940270.0,65480039.0,67457871.0,53940270.0,SAFE,78580330.0,87376102.0,102277938.0
2025-07-15,715755.0,0.0,715755.0,66195794.0,64241668.0,66195794.0,68913279.0,54241668.0,SAFE,79798552.0,87899651.0,102277938.0
2025-07-16,0.0,0.0,0.0,66195794.0,63806363.0,66195794.0,69244340.0,53806363.0,SAFE,79698495.0,89079054.0,102678016.0
2025-07-17,426970.0,0.0,426970.0,66622764.0,64253515.0,66622764.0,70395920.0,54253515.0,SAFE,79037863.0,89079054.0,103278916.0
2025-07-18,1682363.0,470190.0,1212173.0,67834937.0,64786784.0,67834937.0,71043183.0,54786784.0,SAFE,78946978.0,89569449.0,103827901.0
2025-07-19,492754.0,0.0,492754.0,68327691.0,64701410.0,68327691.0,71923522.0,54701410.0,SAFE,78581405.0,90636931.0,104441752.0
2025-07-20,1331780.0,0.0,1331780.0,69659471.0,65027452.0,69659471.0,72984200.0,55027452.0,SAFE,78963023.0,91240692.0,104441752.0
2025-07-21,685702.0,0.0,685702.0,70345173.0,66709815.0,70345173.0,73334356.0,56709815.0,SAFE,79144219.0,91190646.0,106116271.0
2025-07-22,1108159.0,0.0,1108159.0,71453332.0,67202569.0,71453332.0,73334356.0,57202569.0,SAFE,79130090.0,91542498.0,106853528.0
2025-07-23,1060678.0,756334.0,304344.0,71757676.0,68246579.0,71757676.0,73777181.0,58246579.0,SAFE,79290648.0,91677322.0,107148742.0
2025-07-24,350156.0,0.0,350156.0,72107832.0,68932281.0,72107832.0,73777181.0,58932281.0,SAFE,79585355.0,91879201.0,107267369.0
2025-07-25,0.0,182486.0,-182486.0,71925346.0,70040440.0,71925346.0,73764625.0,60040440.0,SAFE,80374566.0,91346555.0,107459864.0
2025-07-26,442825.0,85374.0,357451.0,72282797.0,70813561.0,72282797.0,73952355.0,60813561.0,SAFE,81325455.0,92148706.0,108061423.0
2025-07-27,0.0,100928.0,-100928.0,72181869.0,71163717.0,72181869.0,74553773.0,61163717.0,SAFE,81560987.0,92131354.0,108479564.0
2025-07-28,457634.0,0.0,457634.0,72639503.0,71163717.0,72639503.0,75167689.0,61163717.0,SAFE,81978884.0,92655740.0,108743038.0
2025-07-29,187730.0,0.0,187730.0,72827233.0,71606542.0,72827233.0,75860455.0,61606542.0,SAFE,81978884.0,93135232.0,109726639.0
2025-07-30,601418.0,287770.0,313648.0,73140881.0,71054692.0,73140881.0,75197013.0,61054692.0,SAFE,82686090.0,93729435.0,110571522.0
2025-07-31,613916.0,0.0,613916.0,73754797.0,71372369.0,73754797.0,75197013.0,61372369.0,SAFE,83219837.0,93729435.0,110593781.0
2025-08-01,692766.0,0.0,692766.0,74447563.0,71273161.0,74447563.0,76046647.0,61273161.0,SAFE,83189016.0,94620720.0,110593781.0
2025-08-02,92892.0,287557.0,-194665.0,74252898.0,71688425.0,74252898.0,76942232.0,61688425.0,SAFE,83419333.0,95801139.0,111702924.0
2025-08-03,0.0,0.0,0.0,74252898.0,72302341.0,74252898.0,77313312.0,62302341.0,SAFE,84424119.0,97361318.0,112894623.0
2025-08-04,1032120.0,0.0,1032120.0,75285018.0,72995107.0,75285018.0,77313312.0,62995107.0,SAFE,85263437.0,97403524.0,113982674.0
2025-08-05,980959.0,0.0,980959.0,76265977.0,73029522.0,76265977.0,77780593.0,63029522.0,SAFE,85570713.0,98634623.0,114424489.0
2025-08-06,472008.0,551850.0,-79842.0,76186135.0,72879367.0,76186135.0,77626734.0,62879367.0,SAFE,86018220.0,98980093.0,114760665.0
2025-08-07,0.0,139957.0,-139957.0,76046178.0,73911487.0,76046178.0,78782205.0,63911487.0,SAFE,86672879.0,99256491.0,116546056.0
2025-08-08,467281.0,286938.0,180343.0,76226521.0,74419278.0,76226521.0,79602551.0,64419278.0,SAFE,86571132.0,99904164.0,116546056.0
2025-08-09,133911.0,186154.0,-52243.0,76174278.0,74201096.0,76174278.0,79467954.0,64201096.0,SAFE,86863630.0,100829585.0,116950308.0
2025-08-10,1155471.0,0.0,1155471.0,77329749.0,74110211.0,77329749.0,79953861.0,64110211.0,SAFE,87361250.0,101468871.0,117471051.0
2025-08-11,820346.0,0.0,820346.0,78150095.0,74211919.0,78150095.0,81172083.0,64211919.0,SAFE,87361250.0,101468871.0,118379771.0
2025-08-12,152960.0,58477.0,94483.0,78244578.0,74054216.0,78244578.0,81545194.0,64054216.0,SAFE,87246898.0,101721225.0,118903775.0
2025-08-13,485907.0,150155.0,335752.0,78580330.0,74993881.0,78580330.0,81022902.0,64993881.0,SAFE,87376102.0,102277938.0,119917126.0
2025-08-14,1218222.0,0.0,1218222.0,79798552.0,75583574.0,79798552.0,80882945.0,65583574.0,SAFE,87899651.0,102277938.0,119917126.0
2025-08-15,373111.0,473168.0,-100057.0,79698495.0,75687302.0,79698495.0,80596007.0,65687302.0,SAFE,89079054.0,102678016.0,120594796.0
2025-08-16,29558.0,690190.0,-660632.0,79037863.0,76173209.0,79037863.0,81083085.0,66173209.0,SAFE,89079054.0,103278916.0,120688939.0
2025-08-17,0.0,90885.0,-90885.0,78946978.0,77391431.0,78946978.0,81480087.0,67391431.0,SAFE,89569449.0,103827901.0,121580802.0
2025-08-18,0.0,365573.0,-365573.0,78581405.0,77764542.0,78581405.0,81696611.0,67764542.0,SAFE,90636931.0,104441752.0,122078522.0
2025-08-19,673232.0,291614.0,381618.0,78963023.0,77794100.0,78963023.0,81847924.0,67794100.0,SAFE,91240692.0,104441752.0,123240227.0
2025-08-20,397002.0,215806.0,181196.0,79144219.0,77794100.0,79144219.0,81992476.0,67794100.0,SAFE,91190646.0,106116271.0,122798034.0
2025-08-21,216524.0,230653.0,-14129.0,79130090.0,77794100.0,79130090.0,82781687.0,67794100.0,SAFE,91542498.0,106853528.0,123725306.0
2025-08-22,209790.0,49232.0,160558.0,79290648.0,78245201.0,79290648.0,83259408.0,68245201.0,SAFE,91677322.0,107148742.0,124497329.0
2025-08-23,294707.0,0.0,294707.0,79585355.0,78568903.0,79585355.0,82804750.0,68568903.0,SAFE,91879201.0,107267369.0,124568304.0
2025-08-24,789211.0,0.0,789211.0,80374566.0,78272056.0,80374566.0,83131762.0,68272056.0,SAFE,91346555.0,107459864.0,125404393.0
2025-08-25,950889.0,0.0,950889.0,81325455.0,78127495.0,81325455.0,82766189.0,68127495.0,SAFE,92148706.0,108061423.0,125404393.0
2025-08-26,235532.0,0.0,235532.0,81560987.0,78220829.0,81560987.0,83403912.0,68220829.0,SAFE,92131354.0,108479564.0,125700305.0
2025-08-27,417897.0,0.0,417897.0,81978884.0,78739927.0,81978884.0,83795153.0,68739927.0,SAFE,92655740.0,108743038.0,127140828.0
2025-08-28,0.0,0.0,0.0,81978884.0,79690816.0,81978884.0,84047050.0,69690816.0,SAFE,93135232.0,109726639.0,128157881.0
2025-08-29,929337.0,222131.0,707206.0,82686090.0,79926348.0,82686090.0,84582486.0,69926348.0,SAFE,93729435.0,110571522.0,128157881.0
2025-08-30,607047.0,73300.0,533747.0,83219837.0,80229672.0,83219837.0,85788645.0,70229672.0,SAFE,93729435.0,110593781.0,128545742.0
2025-08-31,482550.0,513371.0,-30821.0,83189016.0,80015811.0,83189016.0,86898076.0,70015811.0,SAFE,94620720.0,110593781.0,129181711.0
2025-09-01,584668.0,354351.0,230317.0,83419333.0,80623915.0,83419333.0,87205352.0,70623915.0,SAFE,95801139.0,111702924.0,130069446.0
2025-09-02,1206159.0,201373.0,1004786.0,84424119.0,80909708.0,84424119.0,87652859.0,70909708.0,SAFE,97361318.0,112894623.0,130919181.0
2025-09-03,1109431.0,270113.0,839318.0,85263437.0,81392258.0,85263437.0,88422091.0,71392258.0,SAFE,97403524.0,113982674.0,131557308.0
2025-09-04,307276.0,0.0,307276.0,85570713.0,81824330.0,85570713.0,88534205.0,71824330.0,SAFE,98634623.0,114424489.0,132088627.0
2025-09-05,447507.0,0.0,447507.0,86018220.0,82964944.0,86018220.0,88925805.0,72964944.0,SAFE,98980093.0,114760665.0,133546745.0
2025-09-06,769232.0,114573.0,654659.0,86672879.0,84074375.0,86672879.0,89671379.0,74074375.0,SAFE,99256491.0,116546056.0,133282460.0
2025-09-07,112114.0,213861.0,-101747.0,86571132.0,84381651.0,86571132.0,89158008.0,74381651.0,SAFE,99904164.0,116546056.0,134132685.0
2025-09-08,613731.0,321233.0,292498.0,86863630.0,84829158.0,86863630.0,88841901.0,74829158.0,SAFE,100829585.0,116950308.0,134785741.0
2025-09-09,818874.0,321254.0,497620.0,87361250.0,85598390.0,87361250.0,88835277.0,75598390.0,SAFE,101468871.0,117471051.0,135920865.0
2025-09-10,0.0,0.0,0.0,87361250.0,85589433.0,87361250.0,89088713.0,75589433.0,SAFE,101468871.0,118379771.0,136768228.0
2025-09-11,38244.0,152596.0,-114352.0,87246898.0,86203164.0,87246898.0,90268116.0,76203164.0,SAFE,101721225.0,118903775.0,137919386.0
2025-09-12,194749.0,65545.0,129204.0,87376102.0,86905965.0,87376102.0,90268116.0,76905965.0,SAFE,102277938.0,119917126.0,138286183.0
2025-09-13,523549.0,0.0,523549.0,87899651.0,86905965.0,87899651.0,90643938.0,76905965.0,SAFE,102277938.0,119917126.0,138924358.0
2025-09-14,1179403.0,0.0,1179403.0,89079054.0,86944209.0,89079054.0,91618630.0,76944209.0,SAFE,102678016.0,120594796.0,139455330.0
2025-09-15,0.0,0.0,0.0,89079054.0,86606308.0,89079054.0,91901158.0,76606308.0,SAFE,103278916.0,120688939.0,139954591.0
2025-09-16,490395.0,0.0,490395.0,89569449.0,86515625.0,89569449.0,91645931.0,76515625.0,SAFE,103827901.0,121580802.0,140291820.0
2025-09-17,1188553.0,121071.0,1067482.0,90636931.0,87576570.0,90636931.0,91997783.0,77576570.0,SAFE,104441752.0,122078522.0,141399142.0
2025-09-18,603761.0,0.0,603761.0,91240692.0,87370906.0,91240692.0,91980011.0,77370906.0,SAFE,104441752.0,123240227.0,141727744.0
2025-09-19,66027.0,116073.0,-50046.0,91190646.0,87861301.0,91190646.0,92648995.0,77861301.0,SAFE,106116271.0,122798034.0,142467029.0
2025-09-20,351852.0,0.0,351852.0,91542498.0,89049854.0,91542498.0,92730581.0,79049854.0,SAFE,106853528.0,123725306.0,144222671.0
2025-09-21,134824.0,0.0,134824.0,91677322.0,89565690.0,91677322.0,93651190.0,79565690.0,SAFE,107148742.0,124497329.0,144599937.0
2025-09-22,734529.0,532650.0,201879.0,91879201.0,89631717.0,91879201.0,93839502.0,79631717.0,SAFE,107267369.0,124568304.0,144257109.0
2025-09-23,81586.0,614232.0,-532646.0,91346555.0,89983569.0,91346555.0,94363888.0,79983569.0,SAFE,107459864.0,125404393.0,144257109.0
2025-09-24,920609.0,118458.0,802151.0,92148706.0,90118393.0,92148706.0,94722309.0,80118393.0,SAFE,108061423.0,125404393.0,144456213.0
2025-09-25,188312.0,205664.0,-17352.0,92131354.0,90814072.0,92131354.0,95404437.0,80814072.0,SAFE,108479564.0,125700305.0,145251256.0
2025-09-26,524386.0,0.0,524386.0,92655740.0,90895658.0,92655740.0,95288364.0,80895658.0,SAFE,108743038.0,127140828.0,146315412.0
2025-09-27,479492.0,0.0,479492.0,93135232.0,91587898.0,93135232.0,96179649.0,81587898.0,SAFE,109726639.0,128157881.0,146357859.0
2025-09-28,682128.0,87925.0,594203.0,93729435.0,91403137.0,93729435.0,97360068.0,81403137.0,SAFE,110571522.0,128157881.0,146357859.0
2025-09-29,0.0,0.0,0.0,93729435.0,91864095.0,93729435.0,98426447.0,81864095.0,SAFE,110593781.0,128545742.0,146424910.0
2025-09-30,891285.0,0.0,891285.0,94620720.0,92343587.0,94620720.0,97854421.0,82343587.0,SAFE,110593781.0,129181711.0,147198343.0
2025-10-01,1180419.0,0.0,1180419.0,95801139.0,92718421.0,95801139.0,99195431.0,82718421.0,SAFE,111702924.0,130069446.0,148172356.0
2025-10-02,1599029.0,38850.0,1560179.0,97361318.0,92718421.0,97361318.0,99708310.0,82718421.0,SAFE,112894623.0,130919181.0,148588430.0
2025-10-03,42206.0,0.0,42206.0,97403524.0,93609706.0,97403524.0,100048136.0,83609706.0,SAFE,113982674.0,131557308.0,149851907.0
2025-10-04,1459468.0,228369.0,1231099.0,98634623.0,94447179.0,98634623.0,100695809.0,84447179.0,SAFE,114424489.0,132088627.0,149851907.0
2025-10-05,718543.0,373073.0,345470.0,98980093.0,96046208.0,98980093.0,101840599.0,86046208.0,SAFE,114760665.0,133546745.0,150860590.0
2025-10-06,339826.0,63428.0,276398.0,99256491.0,96088414.0,99256491.0,102479885.0,86088414.0,SAFE,116546056.0,133282460.0,150553060.0
2025-10-07,647673.0,0.0,647673.0,99904164.0,97547882.0,99904164.0,102479885.0,87547882.0,SAFE,116546056.0,134132685.0,150399864.0
2025-10-08,1232715.0,307294.0,925421.0,100829585.0,98266425.0,100829585.0,103075185.0,88266425.0,SAFE,116950308.0,134785741.0,150399864.0
2025-10-09,639286.0,0.0,639286.0,101468871.0,98606251.0,101468871.0,103593048.0,88606251.0,SAFE,117471051.0,135920865.0,149866038.0
2025-10-10,0.0,0.0,0.0,101468871.0,99045093.0,101468871.0,103593048.0,89045093.0,SAFE,118379771.0,136768228.0,150124611.0
2025-10-11,595300.0,342946.0,252354.0,101721225.0,100277808.0,101721225.0,103764757.0,90277808.0,SAFE,118903775.0,137919386.0,150295176.0
2025-10-12,556713.0,0.0,556713.0,102277938.0,100731448.0,102277938.0,103992584.0,90731448.0,SAFE,119917126.0,138286183.0,150871148.0
2025-10-13,0.0,0.0,0.0,102277938.0,100731448.0,102277938.0,104478141.0,90731448.0,SAFE,119917126.0,138924358.0,151419368.0
2025-10-14,400078.0,0.0,400078.0,102678016.0,101326748.0,102678016.0,105300823.0,91326748.0,SAFE,120594796.0,139455330.0,151717644.0
2025-10-15,600900.0,0.0,600900.0,103278916.0,101597298.0,103278916.0,104993529.0,91597298.0,SAFE,120688939.0,139954591.0,152490923.0
2025-10-16,548985.0,0.0,548985.0,103827901.0,101281346.0,103827901.0,106853694.0,91281346.0,SAFE,121580802.0,140291820.0,152541117.0
2025-10-17,822682.0,208831.0,613851.0,104441752.0,101454562.0,104441752.0,107590951.0,91454562.0,SAFE,122078522.0,141399142.0,153362632.0
2025-10-18,0.0,0.0,0.0,104441752.0,101986549.0,104441752.0,107543219.0,91986549.0,SAFE,123240227.0,141727744.0,154487559.0
2025-10-19,1860165.0,185646.0,1674519.0,106116271.0,102225239.0,106116271.0,107948009.0,92225239.0,SAFE,122798034.0,142467029.0,154956176.0
2025-10-20,737257.0,0.0,737257.0,106853528.0,103047921.0,106853528.0,108456456.0,93047921.0,SAFE,123725306.0,144222671.0,156964141.0
2025-10-21,295214.0,0.0,295214.0,107148742.0,102819292.0,107148742.0,109284877.0,92819292.0,SAFE,124497329.0,144599937.0,156932968.0
2025-10-22,404790.0,286163.0,118627.0,107267369.0,104545443.0,107267369.0,109771931.0,94545443.0,SAFE,124568304.0,144257109.0,157046910.0
2025-10-23,508447.0,315952.0,192495.0,107459864.0,105282700.0,107459864.0,110345700.0,95282700.0,SAFE,125404393.0,144257109.0,157046910.0
2025-10-24,828421.0,226862.0,601559.0,108061423.0,105346411.0,108061423.0,111120470.0,95346411.0,SAFE,125404393.0,144456213.0,157594812.0
2025-10-25,487054.0,68913.0,418141.0,108479564.0,105751201.0,108479564.0,112193982.0,95751201.0,SAFE,125700305.0,145251256.0,157722113.0
2025-10-26,573769.0,310295.0,263474.0,108743038.0,106259648.0,108743038.0,112164609.0,96259648.0,SAFE,127140828.0,146315412.0,158543192.0
2025-10-27,983601.0,0.0,983601.0,109726639.0,106708618.0,109726639.0,112164609.0,96708618.0,SAFE,128157881.0,146357859.0,159123914.0
2025-10-28,1073512.0,228629.0,844883.0,110571522.0,107195672.0,110571522.0,113505255.0,97195672.0,SAFE,128157881.0,146357859.0,159394632.0
2025-10-29,156273.0,134014.0,22259.0,110593781.0,107378637.0,110593781.0,114410791.0,97378637.0,SAFE,128545742.0,146424910.0,160152469.0
2025-10-30,0.0,0.0,0.0,110593781.0,108362238.0,110593781.0,115182890.0,98362238.0,SAFE,129181711.0,147198343.0,160685030.0
2025-10-31,1340646.0,231503.0,1109143.0,111702924.0,109109747.0,111702924.0,115777294.0,99109747.0,SAFE,130069446.0,148172356.0,160791770.0
2025-11-01,1191699.0,0.0,1191699.0,112894623.0,109266020.0,112894623.0,116044557.0,99266020.0,SAFE,130919181.0,148588430.0,161155171.0
2025-11-02,1088051.0,0.0,1088051.0,113982674.0,109266020.0,113982674.0,117910457.0,99266020.0,SAFE,131557308.0,149851907.0,161664790.0
2025-11-03,821266.0,379451.0,441815.0,114424489.0,110606666.0,114424489.0,117910457.0,100606666.0,SAFE,132088627.0,149851907.0,161772593.0
2025-11-04,336176.0,0.0,336176.0,114760665.0,111798365.0,114760665.0,118412083.0,101798365.0,SAFE,133546745.0,150860590.0,161772593.0
2025-11-05,2176195.0,390804.0,1785391.0,116546056.0,112886416.0,116546056.0,118798812.0,102886416.0,SAFE,133282460.0,150553060.0,161451218.0
2025-11-06,0.0,0.0,0.0,116546056.0,113245347.0,116546056.0,119707532.0,103245347.0,SAFE,134132685.0,150399864.0,161451218.0
2025-11-07,730255.0,326003.0,404252.0,116950308.0,113581523.0,116950308.0,120000033.0,103581523.0,SAFE,134785741.0,150399864.0,161451218.0
2025-11-08,520743.0,0.0,520743.0,117471051.0,115757718.0,117471051.0,121013384.0,105757718.0,SAFE,135920865.0,149866038.0,161198522.0
2025-11-09,908720.0,0.0,908720.0,118379771.0,115757718.0,118379771.0,121013384.0,105757718.0,SAFE,136768228.0,150124611.0,160804822.0
2025-11-10,524004.0,0.0,524004.0,118903775.0,116487973.0,118903775.0,121773938.0,106487973.0,SAFE,137919386.0,150295176.0,160871824.0
2025-11-11,1013351.0,0.0,1013351.0,119917126.0,116464046.0,119917126.0,121868081.0,106464046.0,SAFE,138286183.0,150871148.0,160871824.0
2025-11-12,0.0,0.0,0.0,119917126.0,117372766.0,119917126.0,122369140.0,107372766.0,SAFE,138924358.0,151419368.0,160806297.0
2025-11-13,1140005.0,462335.0,677670.0,120594796.0,117541353.0,120594796.0,122866860.0,107541353.0,SAFE,139455330.0,151717644.0,
2025-11-14,94143.0,0.0,94143.0,120688939.0,118374222.0,120688939.0,123702562.0,108374222.0,SAFE,139954591.0,152490923.0,
2025-11-15,891863.0,0.0,891863.0,121580802.0,118374222.0,121580802.0,123805039.0,108374222.0,SAFE,140291820.0,152541117.0,
2025-11-16,497720.0,0.0,497720.0,122078522.0,119514227.0,122078522.0,124732311.0,109514227.0,SAFE,141399142.0,153362632.0,
2025-11-17,1161705.0,0.0,1161705.0,123240227.0,119246105.0,123240227.0,125859751.0,109246105.0,SAFE,141727744.0,154487559.0,
2025-11-18,102477.0,544670.0,-442193.0,122798034.0,120103936.0,122798034.0,126111208.0,110103936.0,SAFE,142467029.0,154956176.0,
2025-11-19,927272.0,0.0,927272.0,123725306.0,120256329.0,123725306.0,126947297.0,110256329.0,SAFE,144222671.0,156964141.0,
2025-11-20,1127440.0,355417.0,772023.0,124497329.0,121418034.0,124497329.0,126484962.0,111418034.0,SAFE,144599937.0,156932968.0,
2025-11-21,251457.0,180482.0,70975.0,124568304.0,121520511.0,124568304.0,127143139.0,111520511.0,SAFE,144257109.0,157046910.0,
2025-11-22,836089.0,0.0,836089.0,125404393.0,122321043.0,125404393.0,128617694.0,112321043.0,SAFE,144257109.0,157046910.0,
2025-11-23,0.0,0.0,0.0,125404393.0,123448483.0,125404393.0,129980074.0,113448483.0,SAFE,144456213.0,157594812.0,
2025-11-24,658177.0,362265.0,295912.0,125700305.0,123699940.0,125700305.0,129980074.0,113699940.0,SAFE,145251256.0,157722113.0,
2025-11-25,1474555.0,34032.0,1440523.0,127140828.0,124445189.0,127140828.0,129823265.0,114445189.0,SAFE,146315412.0,158543192.0,
2025-11-26,1362380.0,345327.0,1017053.0,128157881.0,124095928.0,128157881.0,130585974.0,114095928.0,SAFE,146357859.0,159123914.0,
2025-11-27,0.0,0.0,0.0,128157881.0,124586940.0,128157881.0,131118292.0,114586940.0,SAFE,146357859.0,159394632.0,
2025-11-28,387861.0,0.0,387861.0,128545742.0,125797210.0,128545742.0,131787545.0,115797210.0,SAFE,146424910.0,160152469.0,
2025-11-29,762709.0,126740.0,635969.0,129181711.0,127159590.0,129181711.0,132516512.0,117159590.0,SAFE,147198343.0,160685030.0,
2025-11-30,887735.0,0.0,887735.0,130069446.0,127159590.0,130069446.0,133397092.0,117159590.0,SAFE,148172356.0,160791770.0,
2025-12-01,849735.0,0.0,849735.0,130919181.0,127057848.0,130919181.0,134660110.0,117057848.0,SAFE,148588430.0,161155171.0,
2025-12-02,728967.0,90840.0,638127.0,131557308.0,127820557.0,131557308.0,134626078.0,117820557.0,SAFE,149851907.0,161664790.0,
2025-12-03,880580.0,349261.0,531319.0,132088627.0,128348016.0,132088627.0,135130976.0,118348016.0,SAFE,149851907.0,161772593.0,
2025-12-04,1625283.0,167165.0,1458118.0,133546745.0,129197751.0,133546745.0,135784032.0,119197751.0,SAFE,150860590.0,161772593.0,
2025-12-05,0.0,264285.0,-264285.0,133282460.0,129883527.0,133282460.0,137408759.0,119883527.0,SAFE,150553060.0,161451218.0,
2025-12-06,850225.0,0.0,850225.0,134132685.0,130764107.0,134132685.0,138129382.0,120764107.0,SAFE,150399864.0,161451218.0,
2025-12-07,653056.0,0.0,653056.0,134785741.0,131872368.0,134785741.0,139640816.0,121872368.0,SAFE,150399864.0,161451218.0,
2025-12-08,1624727.0,489603.0,1135124.0,135920865.0,131765402.0,135920865.0,140007613.0,121765402.0,SAFE,149866038.0,161198522.0,
2025-12-09,847363.0,0.0,847363.0,136768228.0,132615627.0,136768228.0,140598139.0,122615627.0,SAFE,150124611.0,160804822.0,
2025-12-10,1511434.0,360276.0,1151158.0,137919386.0,133088163.0,137919386.0,140779850.0,123088163.0,SAFE,150295176.0,160871824.0,
2025-12-11,366797.0,0.0,366797.0,138286183.0,134712890.0,138286183.0,141628968.0,124712890.0,SAFE,150871148.0,160871824.0,
2025-12-12,681366.0,43191.0,638175.0,138924358.0,135560253.0,138924358.0,141808878.0,125560253.0,SAFE,151419368.0,160806297.0,
2025-12-13,530972.0,0.0,530972.0,139455330.0,137071687.0,139455330.0,142916200.0,127071687.0,SAFE,151717644.0,,
2025-12-14,1016283.0,517022.0,499261.0,139954591.0,136940069.0,139954591.0,143425322.0,126940069.0,SAFE,152490923.0,,
2025-12-15,444195.0,106966.0,337229.0,140291820.0,137621435.0,140291820.0,143675004.0,127621435.0,SAFE,152541117.0,,
2025-12-16,1107322.0,0.0,1107322.0,141399142.0,138152407.0,141399142.0,145430646.0,128152407.0,SAFE,153362632.0,,
2025-12-17,509122.0,180520.0,328602.0,141727744.0,139168690.0,141727744.0,145447636.0,129168690.0,SAFE,154487559.0,,
2025-12-18,739285.0,0.0,739285.0,142467029.0,139612885.0,142467029.0,145603223.0,129612885.0,SAFE,154956176.0,,
2025-12-19,1755642.0,0.0,1755642.0,144222671.0,140377868.0,144222671.0,145560032.0,130377868.0,SAFE,156964141.0,,
2025-12-20,377266.0,0.0,377266.0,144599937.0,140886990.0,144599937.0,145759136.0,130886990.0,SAFE,156932968.0,,
2025-12-21,155587.0,498415.0,-342828.0,144257109.0,141626275.0,144257109.0,146037157.0,131626275.0,SAFE,157046910.0,,
2025-12-22,0.0,0.0,0.0,144257109.0,143055679.0,144257109.0,146994347.0,133055679.0,SAFE,157046910.0,,
2025-12-23,199104.0,0.0,199104.0,144456213.0,143362667.0,144456213.0,147379133.0,133362667.0,SAFE,157594812.0,,
2025-12-24,795043.0,0.0,795043.0,145251256.0,143451363.0,145251256.0,147198613.0,133451363.0,SAFE,157722113.0,,
2025-12-25,1064156.0,0.0,1064156.0,146315412.0,143451363.0,146315412.0,147265664.0,133451363.0,SAFE,158543192.0,,
2025-12-26,384786.0,342339.0,42447.0,146357859.0,143650467.0,146357859.0,148365335.0,133650467.0,SAFE,159123914.0,,
2025-12-27,0.0,0.0,0.0,146357859.0,144426070.0,146357859.0,149409626.0,134426070.0,SAFE,159394632.0,,
2025-12-28,67051.0,0.0,67051.0,146424910.0,145182696.0,146424910.0,149394176.0,135182696.0,SAFE,160152469.0,,
2025-12-29,1099671.0,326238.0,773433.0,147198343.0,145336929.0,147198343.0,150657653.0,135336929.0,SAFE,160685030.0,,
2025-12-30,1044291.0,70278.0,974013.0,148172356.0,145336929.0,148172356.0,150657653.0,135336929.0,SAFE,160791770.0,,
2025-12-31,482965.0,66891.0,416074.0,148588430.0,144870154.0,148588430.0,151685776.0,134870154.0,SAFE,161155171.0,,
2026-01-01,1263477.0,0.0,1263477.0,149851907.0,145969825.0,149851907.0,151685776.0,135969825.0,SAFE,161664790.0,,
2026-01-02,0.0,0.0,0.0,149851907.0,147014116.0,149851907.0,151420794.0,137014116.0,SAFE,161772593.0,,
2026-01-03,1028123.0,19440.0,1008683.0,150860590.0,147497081.0,150860590.0,151420794.0,137497081.0,SAFE,161772593.0,,
2026-01-04,0.0,307530.0,-307530.0,150553060.0,148502697.0,150553060.0,151420794.0,138502697.0,SAFE,161451218.0,,
2026-01-05,77357.0,230553.0,-153196.0,150399864.0,147952585.0,150399864.0,151353129.0,137952585.0,SAFE,161451218.0,,
2026-01-06,0.0,0.0,0.0,150399864.0,148742215.0,150399864.0,151453416.0,138742215.0,SAFE,161451218.0,,
2026-01-07,0.0,533826.0,-533826.0,149866038.0,147859669.0,149866038.0,151962497.0,137859669.0,SAFE,161198522.0,,
2026-01-08,258573.0,0.0,258573.0,150124611.0,147861868.0,150124611.0,152768578.0,137861868.0,SAFE,160804822.0,,
2026-01-09,170565.0,0.0,170565.0,150295176.0,147861868.0,150295176.0,153616966.0,137861868.0,SAFE,160871824.0,,
2026-01-10,575972.0,0.0,575972.0,150871148.0,147648134.0,150871148.0,154609298.0,137648134.0,SAFE,160871824.0,,
2026-01-11,806081.0,257861.0,548220.0,151419368.0,147906707.0,151419368.0,155234508.0,137906707.0,SAFE,160806297.0,,
2026-01-12,848388.0,550112.0,298276.0,151717644.0,147773470.0,151717644.0,155900628.0,137773470.0,SAFE,,,
2026-01-13,1011772.0,238493.0,773279.0,152490923.0,147655166.0,152490923.0,157025555.0,137655166.0,SAFE,,,
2026-01-14,932740.0,882546.0,50194.0,152541117.0,148461247.0,152541117.0,157174080.0,138461247.0,SAFE,,,
2026-01-15,896673.0,75158.0,821515.0,153362632.0,149093906.0,153362632.0,159182045.0,139093906.0,SAFE,,,
2026-01-16,1124927.0,0.0,1124927.0,154487559.0,149575757.0,154487559.0,159454674.0,139575757.0,SAFE,,,
2026-01-17,682351.0,213734.0,468617.0,154956176.0,150508497.0,154956176.0,160262892.0,140508497.0,SAFE,,,
2026-01-18,2007965.0,0.0,2007965.0,156964141.0,151023778.0,156964141.0,160005031.0,141023778.0,SAFE,,,
2026-01-19,272629.0,303802.0,-31173.0,156932968.0,151705131.0,156932968.0,160218550.0,141705131.0,SAFE,,,
2026-01-20,808218.0,694276.0,113942.0,157046910.0,152387482.0,157046910.0,160637279.0,142387482.0,SAFE,,,
2026-01-21,0.0,0.0,0.0,157046910.0,154044348.0,157046910.0,160575812.0,144044348.0,SAFE,,,
2026-01-22,763631.0,215729.0,547902.0,157594812.0,153968831.0,157594812.0,161462768.0,143968831.0,SAFE,,,
2026-01-23,657222.0,529921.0,127301.0,157722113.0,154494422.0,157722113.0,162177060.0,144494422.0,SAFE,,,
2026-01-24,821079.0,0.0,821079.0,158543192.0,154494422.0,158543192.0,162721163.0,144494422.0,SAFE,,,
2026-01-25,962114.0,381392.0,580722.0,159123914.0,154903553.0,159123914.0,163604823.0,144903553.0,SAFE,,,
2026-01-26,714292.0,443574.0,270718.0,159394632.0,155560775.0,159394632.0,163755907.0,145560775.0,SAFE,,,
2026-01-27,757837.0,0.0,757837.0,160152469.0,156060479.0,160152469.0,163707659.0,146060479.0,SAFE,,,
2026-01-28,883660.0,351099.0,532561.0,160685030.0,157022593.0,160685030.0,164217278.0,147022593.0,SAFE,,,
2026-01-29,454886.0,348146.0,106740.0,160791770.0,157736885.0,160791770.0,164463852.0,147736885.0,SAFE,,,
2026-01-30,646028.0,282627.0,363401.0,161155171.0,158242026.0,161155171.0,163933931.0,148242026.0,SAFE,,,
2026-01-31,509619.0,0.0,509619.0,161664790.0,158731986.0,161664790.0,163933931.0,148731986.0,SAFE,,,
2026-02-01,462303.0,354500.0,107803.0,161772593.0,158930670.0,161772593.0,163552539.0,148930670.0,SAFE,,,
2026-02-02,0.0,0.0,0.0,161772593.0,159576698.0,161772593.0,163108965.0,149576698.0,SAFE,,,
2026-02-03,0.0,321375.0,-321375.0,161451218.0,160020790.0,161451218.0,163108965.0,150020790.0,SAFE,,,
2026-02-04,0.0,0.0,0.0,161451218.0,160483093.0,161451218.0,162757866.0,150483093.0,SAFE,,,
2026-02-05,0.0,0.0,0.0,161451218.0,160483093.0,161451218.0,162732924.0,150483093.0,SAFE,,,
2026-02-06,0.0,252696.0,-252696.0,161198522.0,160483093.0,161198522.0,162450297.0,150483093.0,SAFE,,,
2026-02-07,0.0,393700.0,-393700.0,160804822.0,160483093.0,160804822.0,162450297.0,150483093.0,SAFE,,,
2026-02-08,323204.0,256202.0,67002.0,160871824.0,160483093.0,160871824.0,162095797.0,150483093.0,SAFE,,,
2026-02-09,0.0,0.0,0.0,160871824.0,160483093.0,160871824.0,162095797.0,150483093.0,SAFE,,,
2026-02-10,0.0,65527.0,-65527.0,160806297.0,160483093.0,160806297.0,161774422.0,150483093.0,SAFE,,,
2026-02-11,,,,,160806297.0,160806297.0,161774422.0,150806297.0,SAFE,,,
2026-02-12,,,,,160806297.0,160806297.0,161774422.0,150806297.0,SAFE,,,
2026-02-13,,,,,160806297.0,160806297.0,161521726.0,150806297.0,SAFE,,,
2026-02-14,,,,,160806297.0,160806297.0,161128026.0,150806297.0,SAFE,,,
2026-02-15,,,,,160806297.0,160806297.0,160871824.0,150806297.0,SAFE,,,
2026-02-16,,,,,160806297.0,160806297.0,160871824.0,150806297.0,SAFE,,,
2026-02-17,,,,,160806297.0,160806297.0,160806297.0,150806297.0,SAFE,,,
