invoice_id,customer_id,payment_delay_days,baseline_prediction,ml_prediction,baseline_error,ml_error
AR0035,C047,15,12.294117647058824,11.097472229445476,2.7058823529411757,3.9025277705545243
AR0426,C029,-1,0.4166666666666667,1.2129892849335495,1.4166666666666667,2.2129892849335495
AR0628,C042,8,12.142857142857142,10.8237899234814,4.142857142857142,2.8237899234813995
AR0646,C038,0,0.1538461538461538,0.4325995664176765,0.1538461538461538,0.4325995664176765
AR0598,C003,9,11.75,10.572149765900825,2.75,1.572149765900825
AR0399,C021,2,0.5555555555555556,0.6700664943954555,1.4444444444444444,1.3299335056045445
AR0689,C047,13,12.444444444444445,11.159845678022489,0.5555555555555554,1.8401543219775114
AR0142,C049,5,3.6666666666666665,3.1572454967080272,1.3333333333333335,1.8427545032919728
AR0566,C021,0,0.7,1.0278251864294259,0.7,1.0278251864294259
AR0102,C025,12,12.909090909090908,11.398331629531473,0.9090909090909083,0.6016683704685271
AR0208,C005,2,3.210526315789474,2.9512094858780986,1.210526315789474,0.9512094858780986
AR0099,C012,-2,-0.8,-0.10394291492213403,1.2,1.896057085077866
AR0488,C050,0,-0.5,0.7823287642938407,0.5,0.7823287642938407
AR0425,C030,-2,0.7333333333333333,0.5953520485878063,2.7333333333333334,2.5953520485878063
AR0548,C038,-1,0.1428571428571428,0.4149770886809049,1.1428571428571428,1.4149770886809048
AR0288,C032,-1,0.2,0.7180715189248049,1.2,1.718071518924805
AR0662,C046,2,3.75,3.5533523817282244,1.75,1.5533523817282244
AR0141,C025,8,12.833333333333334,11.468060117190173,4.833333333333334,3.4680601171901735
AR0337,C014,3,4.333333333333333,4.699050462368967,1.333333333333333,1.6990504623689668
AR0540,C041,10,11.4,9.792782488376407,1.4000000000000004,0.20721751162359325
AR0214,C020,12,11.090909090909092,10.166407486299846,0.9090909090909083,1.8335925137001539
AR0029,C002,-1,0.4285714285714285,1.6232620552427373,1.4285714285714284,2.623262055242737
AR0346,C033,15,11.0,9.883882962115628,4.0,5.116117037884372
AR0167,C005,3,3.15,2.812495809221451,0.1499999999999999,0.18750419077854907
AR0150,C026,2,3.1666666666666665,3.7177953713166763,1.1666666666666665,1.7177953713166763
AR0424,C040,1,-0.4666666666666667,0.3627270855555126,1.4666666666666668,0.6372729144444874
AR0220,C045,0,0.0,-0.313127137999358,0.0,0.313127137999358
AR0227,C020,12,11.166666666666666,9.933015321667046,0.8333333333333339,2.066984678332954
AR0439,C009,0,15.95,13.60250328428744,15.95,13.60250328428744
AR0100,C007,0,0.3333333333333333,0.8927534840668397,0.3333333333333333,0.8927534840668397
AR0354,C025,12,12.461538461538462,10.71906806095675,0.4615384615384617,1.2809319390432492
AR0258,C013,3,4.25,3.9902655221350747,1.25,0.9902655221350747
AR0434,C044,0,0.5,0.7772947845984715,0.5,0.7772947845984715
AR0685,C029,-2,0.3076923076923077,0.9700550349798314,2.3076923076923075,2.9700550349798314
AR0169,C044,-2,0.4545454545454545,1.5121685789926185,2.4545454545454546,3.5121685789926183
AR0583,C013,5,4.111111111111111,4.15412870340446,0.8888888888888893,0.84587129659554
AR0459,C013,4,4.2,3.566693461873313,0.20000000000000018,0.4333065381266872
AR0427,C021,2,0.6363636363636364,0.6964599609621324,1.3636363636363638,1.3035400390378675
AR0074,C019,16,13.285714285714286,13.081282774261012,2.7142857142857135,2.9187172257389875
AR0114,C038,0,0.0666666666666666,0.49234984701503914,0.0666666666666666,0.49234984701503914
AR0653,C048,1,0.25,0.9349595349280042,0.75,0.06504046507199579
AR0163,C011,-2,0.6666666666666666,0.9678671118716657,2.6666666666666665,2.9678671118716657
AR0251,C041,11,11.272727272727272,9.831494357634732,0.2727272727272716,1.1685056423652682
AR0374,C002,0,0.25,1.289734236238882,0.25,1.289734236238882
AR0474,C036,1,0.0909090909090909,0.7346111461471058,0.9090909090909091,0.26538885385289424
AR0319,C021,-2,0.75,0.6882585333631214,2.75,2.6882585333631215
AR0640,C012,1,-0.9090909090909092,-0.027596445586874907,1.9090909090909092,1.027596445586875
AR0454,C029,1,0.1428571428571428,0.4165257919659697,0.8571428571428572,0.5834742080340303
AR0587,C021,-1,0.5384615384615384,0.3331895326803592,1.5384615384615383,1.3331895326803593
AR0481,C001,-1,-0.5,0.5302595394109946,0.5,1.5302595394109946
AR0651,C024,11,10.875,10.377922432538917,0.125,0.6220775674610834
AR0588,C026,4,3.0,4.381342360724296,1.0,0.38134236072429584
AR0619,C007,2,0.2857142857142857,1.3628604566795288,1.7142857142857144,0.6371395433204712
AR0472,C029,-2,0.2,0.2886135848659239,2.2,2.288613584865924
AR0449,C050,2,-0.4545454545454545,0.438725329680445,2.4545454545454546,1.561274670319555
AR0287,C025,11,12.428571428571429,11.13004885588196,1.4285714285714288,0.13004885588195947
AR0318,C002,2,0.2222222222222222,1.2816850205755137,1.7777777777777777,0.7183149794244863
AR0215,C037,1,13.833333333333334,12.779377650174219,12.833333333333334,11.779377650174219
AR0149,C009,-4,15.19047619047619,12.158125788395825,19.19047619047619,16.158125788395825
AR0477,C041,9,11.25,9.973889866036274,2.25,0.9738898660362736
AR0373,C036,2,0.1666666666666666,0.37455867198399284,1.8333333333333335,1.6254413280160072
AR0549,C043,4,3.857142857142857,3.5467564507137292,0.1428571428571428,0.45324354928627075
AR0451,C045,-1,0.0,0.2732537463375023,1.0,1.2732537463375024
AR0274,C022,5,3.4,3.89040380841448,1.6,1.1095961915855201
AR0223,C017,7,13.4,14.875541457214954,6.4,7.875541457214954
AR0546,C009,29,14.318181818181818,12.862636403277879,14.681818181818182,16.13736359672212
AR0007,C010,1,0.125,0.265313629629503,0.875,0.734686370370497
AR0417,C021,-1,0.4285714285714285,0.5374443080818878,1.4285714285714284,1.5374443080818878
AR0414,C050,1,-0.25,0.5011804227612997,1.25,0.4988195772387003
AR0031,C046,3,3.555555555555556,2.9236648852134812,0.5555555555555558,0.07633511478651878
AR0479,C002,2,0.4,1.3292836674432844,1.6,0.6707163325567156
AR0280,C049,2,3.769230769230769,3.4604244060728186,1.7692307692307692,1.4604244060728186
AR0077,C006,4,4.4,4.03810579828187,0.40000000000000036,0.038105798281869774
AR0301,C015,2,-0.6666666666666666,-0.17751479391621128,2.6666666666666665,2.1775147939162114
AR0174,C024,15,10.882352941176473,10.689575375511172,4.117647058823527,4.310424624488828
AR0289,C030,1,0.5625,0.08966341440360404,0.4375,0.910336585596396
AR0553,C040,1,-0.375,0.18979517733019902,1.375,0.810204822669801
AR0012,C050,-2,-0.1538461538461538,0.04654266413811481,1.8461538461538463,2.046542664138115
AR0460,C004,4,3.2222222222222223,3.5672299068002893,0.7777777777777777,0.4327700931997107
AR0349,C030,-2,0.5882352941176471,-0.06446685125029294,2.588235294117647,1.9355331487497072
AR0151,C006,3,4.363636363636363,4.372887605284091,1.3636363636363633,1.3728876052840908
AR0490,C022,5,3.5454545454545454,3.801895153094257,1.4545454545454546,1.1981048469057431
AR0063,C043,5,3.8666666666666663,3.249572897124869,1.1333333333333337,1.7504271028751308
AR0423,C005,2,3.142857142857143,2.8267828026382733,1.1428571428571428,0.8267828026382733
AR0442,C006,5,4.25,4.259761933040008,0.75,0.740238066959992
AR0410,C023,4,17.833333333333332,19.001110656671997,13.833333333333332,15.001110656671997
AR0172,C033,8,11.307692307692308,9.590193641119495,3.3076923076923084,1.5901936411194946
AR0469,C046,3,3.5,2.9072165184144265,0.5,0.09278348158557348
AR0158,C050,-2,-0.2857142857142857,0.04719073825936393,1.7142857142857144,2.047190738259364
AR0045,C004,2,3.3,3.1962414159955457,1.2999999999999998,1.1962414159955457
AR0070,C040,-2,-0.2941176470588235,0.5520554023537139,1.7058823529411766,2.552055402353714
AR0572,C039,25,16.625,16.51682613080616,8.375,8.483173869193841
AR0413,C049,3,3.642857142857143,2.8204926015420426,0.6428571428571428,0.17950739845795738
AR0487,C047,9,12.473684210526317,11.309768569559804,3.473684210526317,2.309768569559804
AR0023,C009,30,14.956521739130435,11.737929305264384,15.043478260869565,18.262070694735616
AR0348,C047,12,12.3,10.890423648620903,0.3000000000000007,1.109576351379097
AR0171,C028,9,10.88888888888889,9.868836022779504,1.8888888888888893,0.8688360227795044
AR0217,C017,5,12.333333333333334,14.91294443286018,7.333333333333334,9.91294443286018
AR0242,C019,30,13.466666666666669,11.937084047994471,16.53333333333333,18.06291595200553
AR0191,C020,13,11.23076923076923,9.402961045732575,1.76923076923077,3.5970389542674255
AR0334,C006,2,4.307692307692308,4.035823215734401,2.3076923076923084,2.0358232157344007
AR0268,C025,10,12.333333333333334,11.413380048895409,2.333333333333334,1.4133800488954087
AR0290,C017,24,11.285714285714286,15.279383183705239,12.714285714285714,8.720616816294761
AR0389,C034,8,11.4,10.21160128947642,3.4000000000000004,2.2116012894764197
AR0648,C004,5,3.1818181818181817,3.1465772002138577,1.8181818181818183,1.8534227997861423
AR0061,C014,4,4.0,4.3756757592858895,0.0,0.3756757592858895
AR0642,C026,3,3.125,3.227192416522981,0.125,0.22719241652298106
AR0161,C031,8,18.384615384615383,16.43842151334314,10.384615384615383,8.43842151334314
AR0510,C005,5,3.090909090909091,2.539051592060761,1.9090909090909092,2.460948407939239
AR0441,C009,28,15.583333333333334,12.963366077176357,12.416666666666666,15.036633922823643
AR0666,C030,0,0.4444444444444444,0.0794792243104625,0.4444444444444444,0.0794792243104625
AR0312,C044,2,0.25,0.8719475265660979,1.75,1.1280524734339021
AR0317,C007,1,0.5,0.9420773760864364,0.5,0.05792262391356362
AR0453,C024,11,11.11111111111111,10.491633710913945,0.11111111111111072,0.5083662890860552
AR0291,C019,5,14.5,11.037727340932914,9.5,6.037727340932914
AR0147,C043,5,3.9375,3.5941733801994635,1.0625,1.4058266198005365
AR0693,C041,15,11.076923076923077,10.047445484595215,3.9230769230769234,4.952554515404785
AR0388,C044,1,0.3846153846153846,1.1612902728409948,0.6153846153846154,0.16129027284099484
AR0097,C026,4,3.111111111111111,3.545666563424163,0.8888888888888888,0.4543334365758369
AR0302,C017,3,12.875,16.35534913681903,9.875,13.35534913681903
AR0580,C040,-2,-0.3888888888888889,0.3676639278418907,1.6111111111111112,2.3676639278418907
AR0623,C007,-1,0.5555555555555556,0.7997964241370958,1.5555555555555556,1.7997964241370958
AR0285,C037,6,12.846153846153848,13.71044913795993,6.8461538461538485,7.71044913795993
AR0075,C014,4,4.0,4.239496568058089,0.0,0.2394965680580894
AR0331,C007,2,0.4,0.7039649649435776,1.6,1.2960350350564225
AR0593,C020,8,11.357142857142858,9.586509187377207,3.3571428571428577,1.5865091873772066
AR0403,C030,-2,0.4210526315789473,-0.28864989917580686,2.4210526315789473,1.7113501008241931
AR0197,C049,3,3.6,2.7332906472407643,0.6000000000000001,0.2667093527592357
AR0325,C043,5,4.0,3.492352259245694,1.0,1.5076477407543059
AR0618,C036,-1,0.3076923076923077,-0.09671538154831116,1.3076923076923077,0.9032846184516888
AR0122,C013,5,4.181818181818182,4.06656672235318,0.8181818181818183,0.9334332776468202
AR0168,C007,0,0.5454545454545454,0.6703653332653827,0.5454545454545454,0.6703653332653827
AR0162,C030,0,0.3,-0.6137900698433163,0.3,0.6137900698433163
AR0356,C007,2,0.5,0.6065736842305156,1.5,1.3934263157694844
AR0610,C045,0,-0.0555555555555555,-0.07718899141054536,0.0555555555555555,0.07718899141054536
AR0080,C036,2,0.2142857142857142,0.22320068071799404,1.7857142857142858,1.776799319282006
AR0103,C003,8,11.538461538461538,9.981647620902319,3.5384615384615383,1.9816476209023186
AR0400,C026,5,3.2,3.0485453565326193,1.7999999999999998,1.9514546434673807
AR0351,C032,1,0.0909090909090909,0.8908465549254023,0.9090909090909091,0.10915344507459768
AR0529,C011,-1,0.4,0.5202537016950055,1.4,1.5202537016950055
